Time	Value
0	0
1	0
2	0
3	0
4	0
5	0
6	0
7	45
8	248
9	433
10	565
11	635
12	637
13	573
14	445
15	264
16	57
17	0
18	0
19	0
20	0
21	0
22	0
23	0
24	0
25	0
26	0
27	0
28	0
29	0
30	0
31	45
32	248
33	433
34	566
35	637
36	640
37	576
38	448
39	267
40	59
41	0
42	0
43	0
44	0
45	0
46	0
47	0
48	0
49	0
50	0
51	0
52	0
53	0
54	0
55	44
56	248
57	434
58	567
59	638
60	642
61	578
62	452
63	271
64	61
65	0
66	0
67	0
68	0
69	0
70	0
71	0
72	0
73	0
74	0
75	0
76	0
77	0
78	0
79	44
80	249
81	435
82	569
83	640
84	645
85	581
86	455
87	274
88	64
89	0
90	0
91	0
92	0
93	0
94	0
95	0
96	0
97	0
98	0
99	0
100	0
101	0
102	0
103	45
104	249
105	436
106	570
107	642
108	647
109	584
110	458
111	278
112	67
113	0
114	0
115	0
116	0
117	0
118	0
119	0
120	0
121	0
122	0
123	0
124	0
125	0
126	0
127	45
128	250
129	437
130	572
131	645
132	650
133	588
134	462
135	282
136	70
137	0
138	0
139	0
140	0
141	0
142	0
143	0
144	0
145	0
146	0
147	0
148	0
149	0
150	0
151	45
152	251
153	439
154	574
155	647
156	653
157	591
158	466
159	286
160	73
161	0
162	0
163	0
164	0
165	0
166	0
167	0
168	0
169	0
170	0
171	0
172	0
173	0
174	0
175	45
176	252
177	440
178	576
179	650
180	656
181	595
182	469
183	290
184	76
185	0
186	0
187	0
188	0
189	0
190	0
191	0
192	0
193	0
194	0
195	0
196	0
197	0
198	0
199	46
200	253
201	442
202	578
203	653
204	659
205	598
206	473
207	294
208	79
209	0
210	0
211	0
212	0
213	0
214	0
215	0
216	0
217	0
218	0
219	0
220	0
221	0
222	0
223	46
224	254
225	444
226	581
227	655
228	663
229	602
230	477
231	298
232	82
233	0
234	0
235	0
236	0
237	0
238	0
239	0
240	0
241	0
242	0
243	0
244	0
245	0
246	0
247	47
248	256
249	446
250	583
251	659
252	666
253	606
254	482
255	302
256	86
257	0
258	0
259	0
260	0
261	0
262	0
263	0
264	0
265	0
266	0
267	0
268	0
269	0
270	0
271	48
272	257
273	448
274	586
275	662
276	670
277	610
278	486
279	307
280	90
281	0
282	0
283	0
284	0
285	0
286	0
287	0
288	0
289	0
290	0
291	0
292	0
293	0
294	0
295	49
296	259
297	450
298	589
299	665
300	674
301	614
302	490
303	311
304	93
305	0
306	0
307	0
308	0
309	0
310	0
311	0
312	0
313	0
314	0
315	0
316	0
317	0
318	0
319	50
320	261
321	453
322	592
323	668
324	678
325	618
326	495
327	316
328	97
329	0
330	0
331	0
332	0
333	0
334	0
335	0
336	0
337	0
338	0
339	0
340	0
341	0
342	0
343	51
344	263
345	455
346	595
347	672
348	682
349	623
350	499
351	320
352	102
353	0
354	0
355	0
356	0
357	0
358	0
359	0
360	0
361	0
362	0
363	0
364	0
365	0
366	0
367	52
368	265
369	458
370	598
371	676
372	686
373	627
374	504
375	325
376	106
377	0
378	0
379	0
380	0
381	0
382	0
383	0
384	0
385	0
386	0
387	0
388	0
389	0
390	0
391	53
392	268
393	461
394	601
395	680
396	690
397	632
398	509
399	330
400	110
401	0
402	0
403	0
404	0
405	0
406	0
407	0
408	0
409	0
410	0
411	0
412	0
413	0
414	0
415	55
416	270
417	464
418	605
419	684
420	694
421	636
422	514
423	335
424	115
425	0
426	0
427	0
428	0
429	0
430	0
431	0
432	0
433	0
434	0
435	0
436	0
437	0
438	0
439	56
440	273
441	467
442	609
443	688
444	699
445	641
446	519
447	340
448	120
449	0
450	0
451	0
452	0
453	0
454	0
455	0
456	0
457	0
458	0
459	0
460	0
461	0
462	0
463	58
464	276
465	470
466	613
467	692
468	703
469	646
470	524
471	345
472	124
473	0
474	0
475	0
476	0
477	0
478	0
479	0
480	0
481	0
482	0
483	0
484	0
485	0
486	0
487	60
488	279
489	474
490	616
491	696
492	708
493	651
494	529
495	350
496	129
497	0
498	0
499	0
500	0
501	0
502	0
503	0
504	0
505	0
506	0
507	0
508	0
509	0
510	0
511	62
512	282
513	478
514	621
515	701
516	713
517	656
518	534
519	355
520	134
521	1
522	0
523	0
524	0
525	0
526	0
527	0
528	0
529	0
530	0
531	0
532	0
533	0
534	0
535	64
536	285
537	481
538	625
539	705
540	718
541	661
542	539
543	360
544	139
545	1
546	0
547	0
548	0
549	0
550	0
551	0
552	0
553	0
554	0
555	0
556	0
557	0
558	0
559	66
560	289
561	485
562	629
563	710
564	723
565	666
566	544
567	366
568	144
569	2
570	0
571	0
572	0
573	0
574	0
575	0
576	0
577	0
578	0
579	0
580	0
581	0
582	0
583	68
584	292
585	489
586	634
587	715
588	728
589	672
590	550
591	371
592	149
593	2
594	0
595	0
596	0
597	0
598	0
599	0
600	0
601	0
602	0
603	0
604	0
605	0
606	0
607	71
608	296
609	493
610	638
611	720
612	733
613	677
614	555
615	376
616	154
617	3
618	0
619	0
620	0
621	0
622	0
623	0
624	0
625	0
626	0
627	0
628	0
629	0
630	0
631	73
632	300
633	498
634	643
635	725
636	738
637	682
638	561
639	382
640	159
641	4
642	0
643	0
644	0
645	0
646	0
647	0
648	0
649	0
650	0
651	0
652	0
653	0
654	0
655	76
656	304
657	502
658	648
659	730
660	744
661	688
662	566
663	387
664	165
665	4
666	0
667	0
668	0
669	0
670	0
671	0
672	0
673	0
674	0
675	0
676	0
677	0
678	0
679	79
680	308
681	507
682	653
683	735
684	749
685	694
686	572
687	393
688	170
689	5
690	0
691	0
692	0
693	0
694	0
695	0
696	0
697	0
698	0
699	0
700	0
701	0
702	0
703	82
704	312
705	511
706	658
707	741
708	755
709	699
710	578
711	398
712	175
713	6
714	0
715	0
716	0
717	0
718	0
719	0
720	0
721	0
722	0
723	0
724	0
725	0
726	0
727	85
728	317
729	516
730	663
731	746
732	760
733	705
734	583
735	404
736	181
737	8
738	0
739	0
740	0
741	0
742	0
743	0
744	0
745	0
746	0
747	0
748	0
749	0
750	0
751	89
752	321
753	521
754	668
755	751
756	766
757	711
758	589
759	410
760	186
761	9
762	0
763	0
764	0
765	0
766	0
767	0
768	0
769	0
770	0
771	0
772	0
773	0
774	0
775	92
776	326
777	526
778	673
779	757
780	772
781	716
782	595
783	415
784	191
785	10
786	0
787	0
788	0
789	0
790	0
791	0
792	0
793	0
794	0
795	0
796	0
797	0
798	0
799	96
800	331
801	531
802	679
803	763
804	778
805	722
806	601
807	421
808	197
809	12
810	0
811	0
812	0
813	0
814	0
815	0
816	0
817	0
818	0
819	0
820	0
821	0
822	0
823	100
824	336
825	536
826	684
827	768
828	783
829	728
830	606
831	427
832	202
833	13
834	0
835	0
836	0
837	0
838	0
839	0
840	0
841	0
842	0
843	0
844	0
845	0
846	0
847	104
848	341
849	542
850	690
851	774
852	789
853	734
854	612
855	432
856	208
857	15
858	0
859	0
860	0
861	0
862	0
863	0
864	0
865	0
866	0
867	0
868	0
869	0
870	0
871	108
872	346
873	547
874	695
875	780
876	795
877	740
878	618
879	438
880	213
881	17
882	0
883	0
884	0
885	0
886	0
887	0
888	0
889	0
890	0
891	0
892	0
893	0
894	0
895	113
896	351
897	553
898	701
899	786
900	801
901	746
902	624
903	444
904	219
905	19
906	0
907	0
908	0
909	0
910	0
911	0
912	0
913	0
914	0
915	0
916	0
917	0
918	0
919	118
920	356
921	558
922	707
923	792
924	807
925	752
926	630
927	450
928	224
929	21
930	0
931	0
932	0
933	0
934	0
935	0
936	0
937	0
938	0
939	0
940	0
941	0
942	0
943	123
944	362
945	564
946	713
947	798
948	814
949	758
950	636
951	456
952	230
953	23
954	0
955	0
956	0
957	0
958	0
959	0
960	0
961	0
962	0
963	0
964	0
965	0
966	0
967	128
968	367
969	570
970	719
971	804
972	820
973	764
974	642
975	461
976	235
977	25
978	0
979	0
980	0
981	0
982	0
983	0
984	0
985	0
986	0
987	0
988	0
989	0
990	0
991	133
992	373
993	576
994	725
995	810
996	826
997	771
998	648
999	467
1000	241
1001	27
1002	0
1003	0
1004	0
1005	0
1006	0
1007	0
1008	0
1009	0
1010	0
1011	0
1012	0
1013	0
1014	0
1015	138
1016	379
1017	582
1018	731
1019	817
1020	832
1021	777
1022	654
1023	473
1024	246
1025	30
1026	0
1027	0
1028	0
1029	0
1030	0
1031	0
1032	0
1033	0
1034	0
1035	0
1036	0
1037	0
1038	1
1039	144
1040	385
1041	588
1042	737
1043	823
1044	838
1045	783
1046	660
1047	479
1048	252
1049	32
1050	0
1051	0
1052	0
1053	0
1054	0
1055	0
1056	0
1057	0
1058	0
1059	0
1060	0
1061	0
1062	1
1063	149
1064	391
1065	594
1066	744
1067	829
1068	845
1069	789
1070	666
1071	485
1072	257
1073	35
1074	0
1075	0
1076	0
1077	0
1078	0
1079	0
1080	0
1081	0
1082	0
1083	0
1084	0
1085	0
1086	2
1087	155
1088	397
1089	600
1090	750
1091	836
1092	851
1093	795
1094	672
1095	490
1096	263
1097	38
1098	0
1099	0
1100	0
1101	0
1102	0
1103	0
1104	0
1105	0
1106	0
1107	0
1108	0
1109	0
1110	2
1111	161
1112	403
1113	607
1114	756
1115	842
1116	857
1117	801
1118	678
1119	496
1120	268
1121	40
1122	0
1123	0
1124	0
1125	0
1126	0
1127	0
1128	0
1129	0
1130	0
1131	0
1132	0
1133	0
1134	3
1135	167
1136	409
1137	613
1138	763
1139	848
1140	864
1141	808
1142	684
1143	502
1144	274
1145	43
1146	0
1147	0
1148	0
1149	0
1150	0
1151	0
1152	0
1153	0
1154	0
1155	0
1156	0
1157	0
1158	4
1159	173
1160	415
1161	619
1162	769
1163	855
1164	870
1165	814
1166	690
1167	508
1168	279
1169	46
1170	0
1171	0
1172	0
1173	0
1174	0
1175	0
1176	0
1177	0
1178	0
1179	0
1180	0
1181	0
1182	5
1183	179
1184	422
1185	626
1186	776
1187	861
1188	876
1189	820
1190	696
1191	513
1192	285
1193	49
1194	0
1195	0
1196	0
1197	0
1198	0
1199	0
1200	0
1201	0
1202	0
1203	0
1204	0
1205	0
1206	6
1207	185
1208	428
1209	632
1210	782
1211	868
1212	883
1213	826
1214	702
1215	519
1216	290
1217	53
1218	0
1219	0
1220	0
1221	0
1222	0
1223	0
1224	0
1225	0
1226	0
1227	0
1228	0
1229	0
1230	8
1231	191
1232	434
1233	639
1234	789
1235	874
1236	889
1237	832
1238	708
1239	525
1240	296
1241	56
1242	0
1243	0
1244	0
1245	0
1246	0
1247	0
1248	0
1249	0
1250	0
1251	0
1252	0
1253	0
1254	9
1255	197
1256	441
1257	645
1258	795
1259	881
1260	895
1261	838
1262	714
1263	531
1264	301
1265	59
1266	0
1267	0
1268	0
1269	0
1270	0
1271	0
1272	0
1273	0
1274	0
1275	0
1276	0
1277	0
1278	11
1279	204
1280	448
1281	652
1282	802
1283	887
1284	902
1285	845
1286	720
1287	536
1288	306
1289	63
1290	0
1291	0
1292	0
1293	0
1294	0
1295	0
1296	0
1297	0
1298	0
1299	0
1300	0
1301	0
1302	13
1303	210
1304	454
1305	659
1306	809
1307	894
1308	908
1309	851
1310	726
1311	542
1312	312
1313	66
1314	0
1315	0
1316	0
1317	0
1318	0
1319	0
1320	0
1321	0
1322	0
1323	0
1324	0
1325	0
1326	15
1327	217
1328	461
1329	665
1330	815
1331	900
1332	914
1333	857
1334	732
1335	547
1336	317
1337	70
1338	0
1339	0
1340	0
1341	0
1342	0
1343	0
1344	0
1345	0
1346	0
1347	0
1348	0
1349	0
1350	17
1351	223
1352	468
1353	672
1354	822
1355	907
1356	921
1357	863
1358	738
1359	553
1360	322
1361	74
1362	0
1363	0
1364	0
1365	0
1366	0
1367	0
1368	0
1369	0
1370	0
1371	0
1372	0
1373	0
1374	19
1375	230
1376	474
1377	679
1378	828
1379	913
1380	927
1381	869
1382	743
1383	559
1384	328
1385	77
1386	0
1387	0
1388	0
1389	0
1390	0
1391	0
1392	0
1393	0
1394	0
1395	0
1396	0
1397	0
1398	22
1399	237
1400	481
1401	686
1402	835
1403	920
1404	933
1405	875
1406	749
1407	564
1408	333
1409	81
1410	0
1411	0
1412	0
1413	0
1414	0
1415	0
1416	0
1417	0
1418	0
1419	0
1420	0
1421	0
1422	25
1423	244
1424	488
1425	692
1426	842
1427	926
1428	939
1429	881
1430	755
1431	570
1432	338
1433	85
1434	0
1435	0
1436	0
1437	0
1438	0
1439	0
1440	0
1441	0
1442	0
1443	0
1444	0
1445	0
1446	28
1447	251
1448	495
1449	699
1450	848
1451	933
1452	946
1453	887
1454	761
1455	575
1456	344
1457	89
1458	0
1459	0
1460	0
1461	0
1462	0
1463	0
1464	0
1465	0
1466	0
1467	0
1468	0
1469	0
1470	31
1471	258
1472	502
1473	706
1474	855
1475	939
1476	952
1477	893
1478	766
1479	581
1480	349
1481	93
1482	0
1483	0
1484	0
1485	0
1486	0
1487	0
1488	0
1489	0
1490	0
1491	0
1492	0
1493	0
1494	34
1495	264
1496	509
1497	713
1498	862
1499	945
1500	958
1501	899
1502	772
1503	586
1504	354
1505	98
1506	0
1507	0
1508	0
1509	0
1510	0
1511	0
1512	0
1513	0
1514	0
1515	0
1516	0
1517	0
1518	38
1519	271
1520	516
1521	720
1522	868
1523	952
1524	964
1525	905
1526	777
1527	591
1528	359
1529	102
1530	0
1531	0
1532	0
1533	0
1534	0
1535	0
1536	0
1537	0
1538	0
1539	0
1540	0
1541	0
1542	41
1543	279
1544	523
1545	727
1546	875
1547	958
1548	970
1549	911
1550	783
1551	597
1552	364
1553	106
1554	0
1555	0
1556	0
1557	0
1558	0
1559	0
1560	0
1561	0
1562	0
1563	0
1564	0
1565	0
1566	45
1567	286
1568	530
1569	733
1570	882
1571	964
1572	976
1573	916
1574	789
1575	602
1576	369
1577	111
1578	0
1579	0
1580	0
1581	0
1582	0
1583	0
1584	0
1585	0
1586	0
1587	0
1588	0
1589	0
1590	49
1591	293
1592	537
1593	740
1594	888
1595	971
1596	982
1597	922
1598	794
1599	607
1600	374
1601	115
1602	0
1603	0
1604	0
1605	0
1606	0
1607	0
1608	0
1609	0
1610	0
1611	0
1612	0
1613	0
1614	54
1615	300
1616	544
1617	747
1618	895
1619	977
1620	988
1621	928
1622	799
1623	612
1624	379
1625	119
1626	0
1627	0
1628	0
1629	0
1630	0
1631	0
1632	0
1633	0
1634	0
1635	0
1636	0
1637	0
1638	58
1639	307
1640	551
1641	754
1642	901
1643	983
1644	994
1645	933
1646	805
1647	617
1648	384
1649	124
1650	0
1651	0
1652	0
1653	0
1654	0
1655	0
1656	0
1657	0
1658	0
1659	0
1660	0
1661	0
1662	63
1663	314
1664	558
1665	761
1666	908
1667	990
1668	1000
1669	939
1670	810
1671	622
1672	389
1673	129
1674	0
1675	0
1676	0
1677	0
1678	0
1679	0
1680	0
1681	0
1682	0
1683	0
1684	0
1685	0
1686	68
1687	321
1688	565
1689	767
1690	914
1691	996
1692	1006
1693	944
1694	815
1695	627
1696	394
1697	133
1698	0
1699	0
1700	0
1701	0
1702	0
1703	0
1704	0
1705	0
1706	0
1707	0
1708	0
1709	0
1710	73
1711	328
1712	572
1713	774
1714	921
1715	1002
1716	1012
1717	950
1718	820
1719	632
1720	399
1721	138
1722	0
1723	0
1724	0
1725	0
1726	0
1727	0
1728	0
1729	0
1730	0
1731	0
1732	0
1733	0
1734	78
1735	336
1736	579
1737	781
1738	927
1739	1008
1740	1017
1741	955
1742	826
1743	637
1744	404
1745	143
1746	0
1747	0
1748	0
1749	0
1750	0
1751	0
1752	0
1753	0
1754	0
1755	0
1756	0
1757	0
1758	84
1759	343
1760	586
1761	787
1762	933
1763	1014
1764	1023
1765	961
1766	831
1767	642
1768	408
1769	147
1770	1
1771	0
1772	0
1773	0
1774	0
1775	0
1776	0
1777	0
1778	0
1779	0
1780	0
1781	0
1782	90
1783	350
1784	593
1785	794
1786	940
1787	1020
1788	1029
1789	966
1790	836
1791	647
1792	413
1793	152
1794	1
1795	0
1796	0
1797	0
1798	0
1799	0
1800	0
1801	0
1802	0
1803	0
1804	0
1805	0
1806	96
1807	357
1808	600
1809	801
1810	946
1811	1026
1812	1034
1813	971
1814	841
1815	652
1816	418
1817	156
1818	1
1819	0
1820	0
1821	0
1822	0
1823	0
1824	0
1825	0
1826	0
1827	0
1828	0
1829	0
1830	102
1831	364
1832	607
1833	807
1834	952
1835	1032
1836	1040
1837	976
1838	846
1839	657
1840	423
1841	161
1842	2
1843	0
1844	0
1845	0
1846	0
1847	0
1848	0
1849	0
1850	0
1851	0
1852	0
1853	0
1854	108
1855	371
1856	614
1857	814
1858	958
1859	1037
1860	1045
1861	981
1862	851
1863	661
1864	427
1865	166
1866	2
1867	0
1868	0
1869	0
1870	0
1871	0
1872	0
1873	0
1874	0
1875	0
1876	0
1877	0
1878	115
1879	379
1880	620
1881	820
1882	965
1883	1043
1884	1051
1885	987
1886	855
1887	666
1888	432
1889	170
1890	3
1891	0
1892	0
1893	0
1894	0
1895	0
1896	0
1897	0
1898	0
1899	0
1900	0
1901	0
1902	122
1903	386
1904	627
1905	827
1906	971
1907	1049
1908	1056
1909	991
1910	860
1911	671
1912	436
1913	175
1914	4
1915	0
1916	0
1917	0
1918	0
1919	0
1920	0
1921	0
1922	0
1923	0
1924	0
1925	0
1926	128
1927	393
1928	634
1929	833
1930	977
1931	1054
1932	1061
1933	996
1934	865
1935	675
1936	441
1937	179
1938	4
1939	0
1940	0
1941	0
1942	0
1943	0
1944	0
1945	0
1946	0
1947	0
1948	0
1949	0
1950	136
1951	400
1952	641
1953	840
1954	983
1955	1060
1956	1066
1957	1001
1958	869
1959	680
1960	445
1961	184
1962	5
1963	0
1964	0
1965	0
1966	0
1967	0
1968	0
1969	0
1970	0
1971	0
1972	0
1973	0
1974	143
1975	407
1976	647
1977	846
1978	988
1979	1065
1980	1071
1981	1006
1982	874
1983	684
1984	450
1985	188
1986	6
1987	0
1988	0
1989	0
1990	0
1991	0
1992	0
1993	0
1994	0
1995	0
1996	0
1997	1
1998	150
1999	414
2000	654
2001	852
2002	994
2003	1071
2004	1076
2005	1011
2006	879
2007	689
2008	454
2009	192
2010	7
2011	0
2012	0
2013	0
2014	0
2015	0
2016	0
2017	0
2018	0
2019	0
2020	0
2021	1
2022	157
2023	421
2024	661
2025	858
2026	1000
2027	1076
2028	1081
2029	1015
2030	883
2031	693
2032	459
2033	197
2034	8
2035	0
2036	0
2037	0
2038	0
2039	0
2040	0
2041	0
2042	0
2043	0
2044	0
2045	2
2046	164
2047	428
2048	667
2049	864
2050	1006
2051	1081
2052	1086
2053	1020
2054	887
2055	697
2056	463
2057	201
2058	9
2059	0
2060	0
2061	0
2062	0
2063	0
2064	0
2065	0
2066	0
2067	0
2068	0
2069	3
2070	171
2071	434
2072	674
2073	870
2074	1011
2075	1086
2076	1091
2077	1025
2078	892
2079	702
2080	467
2081	206
2082	10
2083	0
2084	0
2085	0
2086	0
2087	0
2088	0
2089	0
2090	0
2091	0
2092	0
2093	4
2094	178
2095	441
2096	680
2097	876
2098	1017
2099	1092
2100	1096
2101	1029
2102	896
2103	706
2104	471
2105	210
2106	11
2107	0
2108	0
2109	0
2110	0
2111	0
2112	0
2113	0
2114	0
2115	0
2116	0
2117	5
2118	185
2119	448
2120	686
2121	882
2122	1022
2123	1097
2124	1100
2125	1033
2126	900
2127	710
2128	476
2129	214
2130	13
2131	0
2132	0
2133	0
2134	0
2135	0
2136	0
2137	0
2138	0
2139	0
2140	0
2141	7
2142	192
2143	455
2144	693
2145	888
2146	1028
2147	1102
2148	1105
2149	1038
2150	904
2151	714
2152	480
2153	219
2154	14
2155	0
2156	0
2157	0
2158	0
2159	0
2160	0
2161	0
2162	0
2163	0
2164	0
2165	8
2166	199
2167	461
2168	699
2169	894
2170	1033
2171	1106
2172	1110
2173	1042
2174	908
2175	718
2176	484
2177	223
2178	16
2179	0
2180	0
2181	0
2182	0
2183	0
2184	0
2185	0
2186	0
2187	0
2188	0
2189	10
2190	206
2191	468
2192	705
2193	900
2194	1038
2195	1111
2196	1114
2197	1046
2198	912
2199	722
2200	488
2201	227
2202	17
2203	0
2204	0
2205	0
2206	0
2207	0
2208	0
2209	0
2210	0
2211	0
2212	0
2213	12
2214	213
2215	475
2216	711
2217	905
2218	1043
2219	1116
2220	1118
2221	1050
2222	916
2223	726
2224	492
2225	231
2226	19
2227	0
2228	0
2229	0
2230	0
2231	0
2232	0
2233	0
2234	0
2235	0
2236	0
2237	14
2238	219
2239	481
2240	717
2241	911
2242	1048
2243	1121
2244	1123
2245	1054
2246	920
2247	730
2248	496
2249	236
2250	20
2251	0
2252	0
2253	0
2254	0
2255	0
2256	0
2257	0
2258	0
2259	0
2260	0
2261	17
2262	226
2263	487
2264	723
2265	916
2266	1053
2267	1125
2268	1127
2269	1058
2270	924
2271	734
2272	500
2273	240
2274	22
2275	0
2276	0
2277	0
2278	0
2279	0
2280	0
2281	0
2282	0
2283	0
2284	0
2285	19
2286	233
2287	494
2288	729
2289	922
2290	1058
2291	1130
2292	1131
2293	1062
2294	928
2295	737
2296	504
2297	244
2298	24
2299	0
2300	0
2301	0
2302	0
2303	0
2304	0
2305	0
2306	0
2307	0
2308	0
2309	22
2310	239
2311	500
2312	735
2313	927
2314	1063
2315	1134
2316	1135
2317	1066
2318	932
2319	741
2320	508
2321	248
2322	26
2323	0
2324	0
2325	0
2326	0
2327	0
2328	0
2329	0
2330	0
2331	0
2332	0
2333	25
2334	246
2335	506
2336	741
2337	932
2338	1068
2339	1138
2340	1139
2341	1070
2342	935
2343	745
2344	512
2345	252
2346	27
2347	0
2348	0
2349	0
2350	0
2351	0
2352	0
2353	0
2354	0
2355	0
2356	0
2357	28
2358	253
2359	512
2360	746
2361	937
2362	1072
2363	1143
2364	1143
2365	1073
2366	939
2367	749
2368	515
2369	256
2370	29
2371	0
2372	0
2373	0
2374	0
2375	0
2376	0
2377	0
2378	0
2379	0
2380	0
2381	31
2382	259
2383	518
2384	752
2385	942
2386	1077
2387	1147
2388	1147
2389	1077
2390	942
2391	752
2392	519
2393	260
2394	31
2395	0
2396	0
2397	0
2398	0
2399	0
2400	0
2401	0
2402	0
2403	0
2404	0
2405	34
2406	265
2407	524
2408	757
2409	947
2410	1081
2411	1151
2412	1150
2413	1081
2414	946
2415	756
2416	523
2417	264
2418	34
2419	0
2420	0
2421	0
2422	0
2423	0
2424	0
2425	0
2426	0
2427	0
2428	0
2429	37
2430	272
2431	530
2432	762
2433	952
2434	1086
2435	1155
2436	1154
2437	1084
2438	949
2439	759
2440	527
2441	268
2442	36
2443	0
2444	0
2445	0
2446	0
2447	0
2448	0
2449	0
2450	0
2451	0
2452	0
2453	41
2454	278
2455	536
2456	768
2457	957
2458	1090
2459	1159
2460	1158
2461	1087
2462	953
2463	763
2464	530
2465	272
2466	38
2467	0
2468	0
2469	0
2470	0
2471	0
2472	0
2473	0
2474	0
2475	0
2476	0
2477	44
2478	284
2479	542
2480	773
2481	961
2482	1094
2483	1162
2484	1161
2485	1091
2486	956
2487	766
2488	534
2489	276
2490	40
2491	0
2492	0
2493	0
2494	0
2495	0
2496	0
2497	0
2498	0
2499	0
2500	0
2501	48
2502	290
2503	547
2504	778
2505	966
2506	1098
2507	1166
2508	1165
2509	1094
2510	959
2511	769
2512	538
2513	280
2514	43
2515	0
2516	0
2517	0
2518	0
2519	0
2520	0
2521	0
2522	0
2523	0
2524	0
2525	52
2526	296
2527	553
2528	783
2529	970
2530	1102
2531	1170
2532	1168
2533	1097
2534	962
2535	773
2536	541
2537	284
2538	45
2539	0
2540	0
2541	0
2542	0
2543	0
2544	0
2545	0
2546	0
2547	0
2548	0
2549	56
2550	302
2551	558
2552	788
2553	975
2554	1106
2555	1173
2556	1171
2557	1100
2558	966
2559	776
2560	545
2561	288
2562	47
2563	0
2564	0
2565	0
2566	0
2567	0
2568	0
2569	0
2570	0
2571	0
2572	0
2573	60
2574	308
2575	564
2576	793
2577	979
2578	1110
2579	1177
2580	1175
2581	1104
2582	969
2583	779
2584	548
2585	292
2586	50
2587	0
2588	0
2589	0
2590	0
2591	0
2592	0
2593	0
2594	0
2595	0
2596	0
2597	64
2598	314
2599	569
2600	797
2601	983
2602	1114
2603	1180
2604	1178
2605	1107
2606	972
2607	782
2608	552
2609	296
2610	53
2611	0
2612	0
2613	0
2614	0
2615	0
2616	0
2617	0
2618	0
2619	0
2620	0
2621	68
2622	319
2623	574
2624	802
2625	987
2626	1118
2627	1183
2628	1181
2629	1110
2630	975
2631	786
2632	555
2633	300
2634	55
2635	0
2636	0
2637	0
2638	0
2639	0
2640	0
2641	0
2642	0
2643	0
2644	0
2645	73
2646	325
2647	579
2648	807
2649	992
2650	1121
2651	1187
2652	1184
2653	1112
2654	978
2655	789
2656	559
2657	303
2658	58
2659	0
2660	0
2661	0
2662	0
2663	0
2664	0
2665	0
2666	0
2667	0
2668	0
2669	77
2670	330
2671	584
2672	811
2673	995
2674	1125
2675	1190
2676	1187
2677	1115
2678	981
2679	792
2680	562
2681	307
2682	61
2683	0
2684	0
2685	0
2686	0
2687	0
2688	0
2689	0
2690	0
2691	0
2692	0
2693	81
2694	336
2695	589
2696	815
2697	999
2698	1128
2699	1193
2700	1189
2701	1118
2702	983
2703	795
2704	565
2705	311
2706	63
2707	0
2708	0
2709	0
2710	0
2711	0
2712	0
2713	0
2714	0
2715	0
2716	0
2717	86
2718	341
2719	594
2720	820
2721	1003
2722	1131
2723	1196
2724	1192
2725	1121
2726	986
2727	798
2728	569
2729	315
2730	66
2731	0
2732	0
2733	0
2734	0
2735	0
2736	0
2737	0
2738	0
2739	0
2740	0
2741	91
2742	346
2743	598
2744	824
2745	1007
2746	1135
2747	1199
2748	1195
2749	1123
2750	989
2751	801
2752	572
2753	318
2754	69
2755	0
2756	0
2757	0
2758	0
2759	0
2760	0
2761	0
2762	0
2763	0
2764	0
2765	95
2766	351
2767	603
2768	828
2769	1010
2770	1138
2771	1202
2772	1198
2773	1126
2774	992
2775	804
2776	575
2777	322
2778	72
2779	0
2780	0
2781	0
2782	0
2783	0
2784	0
2785	0
2786	0
2787	0
2788	0
2789	100
2790	356
2791	607
2792	832
2793	1014
2794	1141
2795	1204
2796	1200
2797	1128
2798	994
2799	806
2800	578
2801	325
2802	75
2803	0
2804	0
2805	0
2806	0
2807	0
2808	0
2809	0
2810	0
2811	0
2812	0
2813	105
2814	361
2815	612
2816	835
2817	1017
2818	1144
2819	1207
2820	1203
2821	1131
2822	997
2823	809
2824	581
2825	329
2826	78
2827	0
2828	0
2829	0
2830	0
2831	0
2832	0
2833	0
2834	0
2835	0
2836	0
2837	109
2838	366
2839	616
2840	839
2841	1020
2842	1146
2843	1210
2844	1205
2845	1133
2846	999
2847	812
2848	585
2849	333
2850	82
2851	0
2852	0
2853	0
2854	0
2855	0
2856	0
2857	0
2858	0
2859	0
2860	0
2861	114
2862	370
2863	620
2864	843
2865	1023
2866	1149
2867	1212
2868	1207
2869	1136
2870	1002
2871	815
2872	588
2873	336
2874	85
2875	0
2876	0
2877	0
2878	0
2879	0
2880	0
2881	0
2882	0
2883	0
2884	0
2885	119
2886	375
2887	624
2888	846
2889	1026
2890	1152
2891	1214
2892	1210
2893	1138
2894	1004
2895	817
2896	591
2897	340
2898	88
2899	0
2900	0
2901	0
2902	0
2903	0
2904	0
2905	0
2906	0
2907	0
2908	0
2909	123
2910	379
2911	628
2912	850
2913	1029
2914	1155
2915	1217
2916	1212
2917	1140
2918	1007
2919	820
2920	594
2921	343
2922	91
2923	0
2924	0
2925	0
2926	0
2927	0
2928	0
2929	0
2930	0
2931	0
2932	0
2933	128
2934	384
2935	632
2936	853
2937	1032
2938	1157
2939	1219
2940	1214
2941	1142
2942	1009
2943	823
2944	597
2945	347
2946	94
2947	0
2948	0
2949	0
2950	0
2951	0
2952	0
2953	0
2954	0
2955	0
2956	0
2957	133
2958	388
2959	635
2960	856
2961	1035
2962	1159
2963	1221
2964	1216
2965	1145
2966	1011
2967	825
2968	600
2969	350
2970	98
2971	0
2972	0
2973	0
2974	0
2975	0
2976	0
2977	0
2978	0
2979	0
2980	1
2981	137
2982	392
2983	639
2984	859
2985	1038
2986	1162
2987	1223
2988	1218
2989	1147
2990	1013
2991	828
2992	603
2993	353
2994	101
2995	0
2996	0
2997	0
2998	0
2999	0
3000	0
3001	0
3002	0
3003	0
3004	1
3005	141
3006	396
3007	642
3008	862
3009	1040
3010	1164
3011	1225
3012	1220
3013	1149
3014	1016
3015	830
3016	606
3017	357
3018	105
3019	0
3020	0
3021	0
3022	0
3023	0
3024	0
3025	0
3026	0
3027	0
3028	1
3029	146
3030	400
3031	646
3032	865
3033	1043
3034	1166
3035	1227
3036	1222
3037	1151
3038	1018
3039	833
3040	608
3041	360
3042	108
3043	0
3044	0
3045	0
3046	0
3047	0
3048	0
3049	0
3050	0
3051	0
3052	2
3053	150
3054	403
3055	649
3056	868
3057	1045
3058	1168
3059	1229
3060	1224
3061	1153
3062	1020
3063	835
3064	611
3065	363
3066	112
3067	0
3068	0
3069	0
3070	0
3071	0
3072	0
3073	0
3074	0
3075	0
3076	2
3077	154
3078	407
3079	652
3080	871
3081	1047
3082	1170
3083	1231
3084	1226
3085	1154
3086	1022
3087	838
3088	614
3089	367
3090	115
3091	0
3092	0
3093	0
3094	0
3095	0
3096	0
3097	0
3098	0
3099	0
3100	3
3101	158
3102	411
3103	655
3104	873
3105	1050
3106	1172
3107	1233
3108	1227
3109	1156
3110	1024
3111	840
3112	617
3113	370
3114	119
3115	0
3116	0
3117	0
3118	0
3119	0
3120	0
3121	0
3122	0
3123	0
3124	3
3125	161
3126	414
3127	658
3128	876
3129	1052
3130	1174
3131	1235
3132	1229
3133	1158
3134	1026
3135	842
3136	620
3137	373
3138	122
3139	0
3140	0
3141	0
3142	0
3143	0
3144	0
3145	0
3146	0
3147	0
3148	4
3149	165
3150	417
3151	661
3152	878
3153	1054
3154	1176
3155	1236
3156	1231
3157	1160
3158	1028
3159	845
3160	622
3161	376
3162	126
3163	0
3164	0
3165	0
3166	0
3167	0
3168	0
3169	0
3170	0
3171	0
3172	5
3173	169
3174	420
3175	664
3176	880
3177	1056
3178	1178
3179	1238
3180	1232
3181	1161
3182	1030
3183	847
3184	625
3185	379
3186	129
3187	0
3188	0
3189	0
3190	0
3191	0
3192	0
3193	0
3194	0
3195	0
3196	6
3197	172
3198	423
3199	666
3200	882
3201	1057
3202	1179
3203	1239
3204	1234
3205	1163
3206	1032
3207	849
3208	628
3209	383
3210	133
3211	1
3212	0
3213	0
3214	0
3215	0
3216	0
3217	0
3218	0
3219	0
3220	6
3221	175
3222	426
3223	669
3224	884
3225	1059
3226	1181
3227	1241
3228	1235
3229	1165
3230	1034
3231	851
3232	630
3233	386
3234	136
3235	1
3236	0
3237	0
3238	0
3239	0
3240	0
3241	0
3242	0
3243	0
3244	7
3245	179
3246	429
3247	671
3248	886
3249	1061
3250	1182
3251	1242
3252	1237
3253	1166
3254	1035
3255	854
3256	633
3257	389
3258	139
3259	1
3260	0
3261	0
3262	0
3263	0
3264	0
3265	0
3266	0
3267	0
3268	8
3269	182
3270	432
3271	673
3272	888
3273	1062
3274	1184
3275	1243
3276	1238
3277	1168
3278	1037
3279	856
3280	635
3281	392
3282	143
3283	1
3284	0
3285	0
3286	0
3287	0
3288	0
3289	0
3290	0
3291	0
3292	9
3293	185
3294	434
3295	675
3296	890
3297	1064
3298	1185
3299	1245
3300	1239
3301	1169
3302	1039
3303	858
3304	638
3305	394
3306	146
3307	2
3308	0
3309	0
3310	0
3311	0
3312	0
3313	0
3314	0
3315	0
3316	10
3317	188
3318	437
3319	677
3320	892
3321	1065
3322	1186
3323	1246
3324	1241
3325	1171
3326	1041
3327	860
3328	640
3329	397
3330	149
3331	2
3332	0
3333	0
3334	0
3335	0
3336	0
3337	0
3338	0
3339	0
3340	11
3341	190
3342	439
3343	679
3344	893
3345	1067
3346	1187
3347	1247
3348	1242
3349	1172
3350	1042
3351	862
3352	643
3353	400
3354	152
3355	3
3356	0
3357	0
3358	0
3359	0
3360	0
3361	0
3362	0
3363	0
3364	11
3365	193
3366	441
3367	681
3368	895
3369	1068
3370	1188
3371	1248
3372	1243
3373	1173
3374	1044
3375	864
3376	645
3377	403
3378	155
3379	3
3380	0
3381	0
3382	0
3383	0
3384	0
3385	0
3386	0
3387	0
3388	12
3389	195
3390	444
3391	683
3392	896
3393	1069
3394	1189
3395	1249
3396	1244
3397	1175
3398	1046
3399	866
3400	647
3401	406
3402	159
3403	4
3404	0
3405	0
3406	0
3407	0
3408	0
3409	0
3410	0
3411	0
3412	13
3413	198
3414	446
3415	685
3416	898
3417	1070
3418	1190
3419	1250
3420	1245
3421	1176
3422	1047
3423	868
3424	650
3425	408
3426	162
3427	4
3428	0
3429	0
3430	0
3431	0
3432	0
3433	0
3434	0
3435	0
3436	14
3437	200
3438	447
3439	686
3440	899
3441	1071
3442	1191
3443	1251
3444	1246
3445	1177
3446	1049
3447	869
3448	652
3449	411
3450	165
3451	5
3452	0
3453	0
3454	0
3455	0
3456	0
3457	0
3458	0
3459	0
3460	15
3461	202
3462	449
3463	687
3464	900
3465	1072
3466	1192
3467	1252
3468	1247
3469	1178
3470	1050
3471	871
3472	654
3473	414
3474	168
3475	6
3476	0
3477	0
3478	0
3479	0
3480	0
3481	0
3482	0
3483	0
3484	16
3485	204
3486	451
3487	689
3488	901
3489	1073
3490	1193
3491	1253
3492	1248
3493	1179
3494	1051
3495	873
3496	656
3497	416
3498	170
3499	6
3500	0
3501	0
3502	0
3503	0
3504	0
3505	0
3506	0
3507	0
3508	16
3509	206
3510	452
3511	690
3512	902
3513	1074
3514	1194
3515	1253
3516	1249
3517	1180
3518	1053
3519	875
3520	658
3521	419
3522	173
3523	7
3524	0
3525	0
3526	0
3527	0
3528	0
3529	0
3530	0
3531	0
3532	17
3533	208
3534	454
3535	691
3536	903
3537	1075
3538	1194
3539	1254
3540	1250
3541	1182
3542	1054
3543	876
3544	661
3545	421
3546	176
3547	8
3548	0
3549	0
3550	0
3551	0
3552	0
3553	0
3554	0
3555	0
3556	18
3557	210
3558	455
3559	692
3560	904
3561	1075
3562	1195
3563	1255
3564	1250
3565	1183
3566	1056
3567	878
3568	663
3569	424
3570	179
3571	8
3572	0
3573	0
3574	0
3575	0
3576	0
3577	0
3578	0
3579	0
3580	18
3581	211
3582	456
3583	693
3584	904
3585	1076
3586	1196
3587	1255
3588	1251
3589	1184
3590	1057
3591	880
3592	665
3593	426
3594	181
3595	9
3596	0
3597	0
3598	0
3599	0
3600	0
3601	0
3602	0
3603	0
3604	19
3605	213
3606	457
3607	694
3608	905
3609	1076
3610	1196
3611	1256
3612	1252
3613	1184
3614	1058
3615	881
3616	666
3617	428
3618	184
3619	10
3620	0
3621	0
3622	0
3623	0
3624	0
3625	0
3626	0
3627	0
3628	20
3629	214
3630	458
3631	695
3632	906
3633	1077
3634	1196
3635	1256
3636	1253
3637	1185
3638	1059
3639	883
3640	668
3641	430
3642	186
3643	11
3644	0
3645	0
3646	0
3647	0
3648	0
3649	0
3650	0
3651	0
3652	20
3653	215
3654	459
3655	695
3656	906
3657	1077
3658	1197
3659	1257
3660	1253
3661	1186
3662	1060
3663	884
3664	670
3665	433
3666	189
3667	11
3668	0
3669	0
3670	0
3671	0
3672	0
3673	0
3674	0
3675	0
3676	21
3677	216
3678	460
3679	696
3680	906
3681	1077
3682	1197
3683	1257
3684	1254
3685	1187
3686	1062
3687	886
3688	672
3689	435
3690	191
3691	12
3692	0
3693	0
3694	0
3695	0
3696	0
3697	0
3698	0
3699	0
3700	21
3701	217
3702	461
3703	696
3704	907
3705	1078
3706	1197
3707	1258
3708	1254
3709	1188
3710	1063
3711	887
3712	674
3713	437
3714	193
3715	13
3716	0
3717	0
3718	0
3719	0
3720	0
3721	0
3722	0
3723	0
3724	22
3725	218
3726	461
3727	697
3728	907
3729	1078
3730	1198
3731	1258
3732	1255
3733	1189
3734	1064
3735	889
3736	675
3737	439
3738	196
3739	14
3740	0
3741	0
3742	0
3743	0
3744	0
3745	0
3746	0
3747	0
3748	22
3749	219
3750	462
3751	697
3752	907
3753	1078
3754	1198
3755	1258
3756	1255
3757	1189
3758	1065
3759	890
3760	677
3761	441
3762	198
3763	15
3764	0
3765	0
3766	0
3767	0
3768	0
3769	0
3770	0
3771	0
3772	23
3773	219
3774	462
3775	697
3776	907
3777	1078
3778	1198
3779	1259
3780	1256
3781	1190
3782	1066
3783	891
3784	679
3785	443
3786	200
3787	15
3788	0
3789	0
3790	0
3791	0
3792	0
3793	0
3794	0
3795	0
3796	23
3797	220
3798	463
3799	697
3800	907
3801	1078
3802	1198
3803	1259
3804	1256
3805	1191
3806	1067
3807	893
3808	680
3809	444
3810	202
3811	16
3812	0
3813	0
3814	0
3815	0
3816	0
3817	0
3818	0
3819	0
3820	23
3821	220
3822	463
3823	697
3824	907
3825	1078
3826	1198
3827	1259
3828	1257
3829	1191
3830	1068
3831	894
3832	682
3833	446
3834	204
3835	17
3836	0
3837	0
3838	0
3839	0
3840	0
3841	0
3842	0
3843	0
3844	23
3845	220
3846	463
3847	697
3848	907
3849	1078
3850	1198
3851	1259
3852	1257
3853	1192
3854	1069
3855	895
3856	683
3857	448
3858	206
3859	18
3860	0
3861	0
3862	0
3863	0
3864	0
3865	0
3866	0
3867	0
3868	23
3869	221
3870	463
3871	697
3872	907
3873	1078
3874	1198
3875	1259
3876	1257
3877	1193
3878	1069
3879	896
3880	685
3881	449
3882	207
3883	18
3884	0
3885	0
3886	0
3887	0
3888	0
3889	0
3890	0
3891	0
3892	24
3893	221
3894	463
3895	697
3896	907
3897	1078
3898	1198
3899	1259
3900	1258
3901	1193
3902	1070
3903	897
3904	686
3905	451
3906	209
3907	19
3908	0
3909	0
3910	0
3911	0
3912	0
3913	0
3914	0
3915	0
3916	24
3917	221
3918	462
3919	697
3920	906
3921	1077
3922	1198
3923	1259
3924	1258
3925	1194
3926	1071
3927	898
3928	687
3929	452
3930	211
3931	20
3932	0
3933	0
3934	0
3935	0
3936	0
3937	0
3938	0
3939	0
3940	24
3941	220
3942	462
3943	696
3944	906
3945	1077
3946	1197
3947	1259
3948	1258
3949	1194
3950	1072
3951	899
3952	688
3953	454
3954	212
3955	20
3956	0
3957	0
3958	0
3959	0
3960	0
3961	0
3962	0
3963	0
3964	24
3965	220
3966	462
3967	696
3968	906
3969	1077
3970	1197
3971	1259
3972	1258
3973	1194
3974	1072
3975	900
3976	689
3977	455
3978	213
3979	21
3980	0
3981	0
3982	0
3983	0
3984	0
3985	0
3986	0
3987	0
3988	23
3989	220
3990	461
3991	695
3992	905
3993	1076
3994	1197
3995	1259
3996	1258
3997	1195
3998	1073
3999	901
4000	690
4001	456
4002	215
4003	21
4004	0
4005	0
4006	0
4007	0
4008	0
4009	0
4010	0
4011	0
4012	23
4013	219
4014	461
4015	695
4016	904
4017	1076
4018	1196
4019	1259
4020	1258
4021	1195
4022	1073
4023	902
4024	691
4025	457
4026	216
4027	22
4028	0
4029	0
4030	0
4031	0
4032	0
4033	0
4034	0
4035	0
4036	23
4037	219
4038	460
4039	694
4040	904
4041	1075
4042	1196
4043	1259
4044	1258
4045	1195
4046	1074
4047	902
4048	692
4049	458
4050	217
4051	22
4052	0
4053	0
4054	0
4055	0
4056	0
4057	0
4058	0
4059	0
4060	23
4061	218
4062	459
4063	693
4064	903
4065	1075
4066	1196
4067	1258
4068	1258
4069	1196
4070	1074
4071	903
4072	693
4073	459
4074	218
4075	23
4076	0
4077	0
4078	0
4079	0
4080	0
4081	0
4082	0
4083	0
4084	23
4085	217
4086	459
4087	692
4088	902
4089	1074
4090	1195
4091	1258
4092	1258
4093	1196
4094	1075
4095	904
4096	694
4097	460
4098	219
4099	23
4100	0
4101	0
4102	0
4103	0
4104	0
4105	0
4106	0
4107	0
4108	22
4109	217
4110	458
4111	692
4112	902
4113	1073
4114	1195
4115	1258
4116	1258
4117	1196
4118	1075
4119	904
4120	695
4121	461
4122	220
4123	24
4124	0
4125	0
4126	0
4127	0
4128	0
4129	0
4130	0
4131	0
4132	22
4133	216
4134	457
4135	691
4136	901
4137	1073
4138	1194
4139	1258
4140	1258
4141	1196
4142	1076
4143	905
4144	695
4145	462
4146	221
4147	24
4148	0
4149	0
4150	0
4151	0
4152	0
4153	0
4154	0
4155	0
4156	21
4157	215
4158	456
4159	690
4160	900
4161	1072
4162	1194
4163	1257
4164	1258
4165	1196
4166	1076
4167	905
4168	696
4169	462
4170	221
4171	24
4172	0
4173	0
4174	0
4175	0
4176	0
4177	0
4178	0
4179	0
4180	21
4181	213
4182	454
4183	689
4184	899
4185	1071
4186	1193
4187	1257
4188	1258
4189	1196
4190	1076
4191	906
4192	696
4193	463
4194	222
4195	24
4196	0
4197	0
4198	0
4199	0
4200	0
4201	0
4202	0
4203	0
4204	20
4205	212
4206	453
4207	687
4208	898
4209	1070
4210	1192
4211	1256
4212	1258
4213	1196
4214	1076
4215	906
4216	697
4217	463
4218	222
4219	25
4220	0
4221	0
4222	0
4223	0
4224	0
4225	0
4226	0
4227	0
4228	20
4229	211
4230	452
4231	686
4232	897
4233	1069
4234	1192
4235	1256
4236	1258
4237	1196
4238	1077
4239	906
4240	697
4241	464
4242	222
4243	25
4244	0
4245	0
4246	0
4247	0
4248	0
4249	0
4250	0
4251	0
4252	19
4253	210
4254	451
4255	685
4256	896
4257	1068
4258	1191
4259	1256
4260	1257
4261	1196
4262	1077
4263	907
4264	698
4265	464
4266	223
4267	25
4268	0
4269	0
4270	0
4271	0
4272	0
4273	0
4274	0
4275	0
4276	19
4277	208
4278	449
4279	684
4280	895
4281	1067
4282	1190
4283	1255
4284	1257
4285	1196
4286	1077
4287	907
4288	698
4289	464
4290	223
4291	25
4292	0
4293	0
4294	0
4295	0
4296	0
4297	0
4298	0
4299	0
4300	18
4301	206
4302	448
4303	682
4304	893
4305	1066
4306	1190
4307	1255
4308	1257
4309	1196
4310	1077
4311	907
4312	698
4313	464
4314	223
4315	25
4316	0
4317	0
4318	0
4319	0
4320	0
4321	0
4322	0
4323	0
4324	17
4325	205
4326	446
4327	681
4328	892
4329	1065
4330	1189
4331	1254
4332	1256
4333	1196
4334	1077
4335	907
4336	698
4337	464
4338	223
4339	25
4340	0
4341	0
4342	0
4343	0
4344	0
4345	0
4346	0
4347	0
4348	17
4349	203
4350	445
4351	679
4352	891
4353	1064
4354	1188
4355	1253
4356	1256
4357	1196
4358	1077
4359	907
4360	698
4361	464
4362	222
4363	24
4364	0
4365	0
4366	0
4367	0
4368	0
4369	0
4370	0
4371	0
4372	16
4373	201
4374	443
4375	678
4376	889
4377	1063
4378	1187
4379	1253
4380	1256
4381	1195
4382	1076
4383	907
4384	698
4385	464
4386	222
4387	24
4388	0
4389	0
4390	0
4391	0
4392	0
4393	0
4394	0
4395	0
4396	15
4397	199
4398	441
4399	676
4400	888
4401	1062
4402	1186
4403	1252
4404	1255
4405	1195
4406	1076
4407	906
4408	697
4409	464
4410	222
4411	24
4412	0
4413	0
4414	0
4415	0
4416	0
4417	0
4418	0
4419	0
4420	15
4421	198
4422	439
4423	675
4424	887
4425	1061
4426	1185
4427	1251
4428	1255
4429	1195
4430	1076
4431	906
4432	697
4433	463
4434	221
4435	24
4436	0
4437	0
4438	0
4439	0
4440	0
4441	0
4442	0
4443	0
4444	14
4445	195
4446	437
4447	673
4448	885
4449	1060
4450	1184
4451	1251
4452	1254
4453	1194
4454	1075
4455	906
4456	697
4457	463
4458	220
4459	23
4460	0
4461	0
4462	0
4463	0
4464	0
4465	0
4466	0
4467	0
4468	13
4469	193
4470	435
4471	671
4472	884
4473	1058
4474	1183
4475	1250
4476	1253
4477	1194
4478	1075
4479	905
4480	696
4481	462
4482	220
4483	23
4484	0
4485	0
4486	0
4487	0
4488	0
4489	0
4490	0
4491	0
4492	13
4493	191
4494	433
4495	669
4496	882
4497	1057
4498	1182
4499	1249
4500	1253
4501	1193
4502	1075
4503	905
4504	696
4505	461
4506	219
4507	22
4508	0
4509	0
4510	0
4511	0
4512	0
4513	0
4514	0
4515	0
4516	12
4517	189
4518	431
4519	668
4520	881
4521	1056
4522	1181
4523	1248
4524	1252
4525	1193
4526	1074
4527	904
4528	695
4529	461
4530	218
4531	22
4532	0
4533	0
4534	0
4535	0
4536	0
4537	0
4538	0
4539	0
4540	11
4541	187
4542	429
4543	666
4544	879
4545	1055
4546	1180
4547	1247
4548	1251
4549	1192
4550	1073
4551	904
4552	694
4553	460
4554	217
4555	21
4556	0
4557	0
4558	0
4559	0
4560	0
4561	0
4562	0
4563	0
4564	10
4565	184
4566	427
4567	664
4568	877
4569	1053
4570	1179
4571	1246
4572	1251
4573	1191
4574	1073
4575	903
4576	693
4577	459
4578	215
4579	21
4580	0
4581	0
4582	0
4583	0
4584	0
4585	0
4586	0
4587	0
4588	10
4589	182
4590	425
4591	662
4592	876
4593	1052
4594	1178
4595	1245
4596	1250
4597	1191
4598	1072
4599	902
4600	693
4601	458
4602	214
4603	20
4604	0
4605	0
4606	0
4607	0
4608	0
4609	0
4610	0
4611	0
4612	9
4613	179
4614	423
4615	660
4616	874
4617	1050
4618	1177
4619	1244
4620	1249
4621	1190
4622	1071
4623	901
4624	691
4625	456
4626	212
4627	19
4628	0
4629	0
4630	0
4631	0
4632	0
4633	0
4634	0
4635	0
4636	8
4637	177
4638	420
4639	658
4640	872
4641	1049
4642	1175
4643	1243
4644	1248
4645	1189
4646	1070
4647	900
4648	690
4649	455
4650	211
4651	19
4652	0
4653	0
4654	0
4655	0
4656	0
4657	0
4658	0
4659	0
4660	7
4661	174
4662	418
4663	656
4664	871
4665	1047
4666	1174
4667	1242
4668	1247
4669	1188
4670	1070
4671	899
4672	689
4673	453
4674	209
4675	18
4676	0
4677	0
4678	0
4679	0
4680	0
4681	0
4682	0
4683	0
4684	7
4685	172
4686	416
4687	654
4688	869
4689	1046
4690	1173
4691	1241
4692	1246
4693	1187
4694	1069
4695	898
4696	688
4697	452
4698	207
4699	17
4700	0
4701	0
4702	0
4703	0
4704	0
4705	0
4706	0
4707	0
4708	6
4709	169
4710	413
4711	652
4712	867
4713	1044
4714	1172
4715	1240
4716	1245
4717	1186
4718	1067
4719	897
4720	686
4721	450
4722	205
4723	16
4724	0
4725	0
4726	0
4727	0
4728	0
4729	0
4730	0
4731	0
4732	6
4733	166
4734	411
4735	649
4736	865
4737	1043
4738	1170
4739	1239
4740	1244
4741	1185
4742	1066
4743	896
4744	685
4745	448
4746	203
4747	16
4748	0
4749	0
4750	0
4751	0
4752	0
4753	0
4754	0
4755	0
4756	5
4757	163
4758	408
4759	647
4760	863
4761	1041
4762	1169
4763	1238
4764	1243
4765	1184
4766	1065
4767	894
4768	683
4769	447
4770	201
4771	15
4772	0
4773	0
4774	0
4775	0
4776	0
4777	0
4778	0
4779	0
4780	4
4781	161
4782	405
4783	645
4784	861
4785	1039
4786	1167
4787	1236
4788	1242
4789	1183
4790	1064
4791	893
4792	682
4793	444
4794	199
4795	14
4796	0
4797	0
4798	0
4799	0
4800	0
4801	0
4802	0
4803	0
4804	4
4805	158
4806	403
4807	643
4808	859
4809	1038
4810	1166
4811	1235
4812	1240
4813	1182
4814	1062
4815	891
4816	680
4817	442
4818	196
4819	13
4820	0
4821	0
4822	0
4823	0
4824	0
4825	0
4826	0
4827	0
4828	3
4829	155
4830	400
4831	640
4832	857
4833	1036
4834	1164
4835	1234
4836	1239
4837	1180
4838	1061
4839	890
4840	678
4841	440
4842	194
4843	12
4844	0
4845	0
4846	0
4847	0
4848	0
4849	0
4850	0
4851	0
4852	3
4853	152
4854	397
4855	638
4856	855
4857	1034
4858	1163
4859	1232
4860	1238
4861	1179
4862	1059
4863	888
4864	676
4865	438
4866	191
4867	11
4868	0
4869	0
4870	0
4871	0
4872	0
4873	0
4874	0
4875	0
4876	2
4877	149
4878	395
4879	635
4880	853
4881	1033
4882	1161
4883	1231
4884	1236
4885	1177
4886	1058
4887	886
4888	674
4889	435
4890	188
4891	10
4892	0
4893	0
4894	0
4895	0
4896	0
4897	0
4898	0
4899	0
4900	2
4901	146
4902	392
4903	633
4904	851
4905	1031
4906	1160
4907	1230
4908	1235
4909	1176
4910	1056
4911	884
4912	671
4913	433
4914	185
4915	9
4916	0
4917	0
4918	0
4919	0
4920	0
4921	0
4922	0
4923	0
4924	2
4925	143
4926	389
4927	631
4928	849
4929	1029
4930	1158
4931	1228
4932	1234
4933	1174
4934	1054
4935	882
4936	669
4937	430
4938	182
4939	9
4940	0
4941	0
4942	0
4943	0
4944	0
4945	0
4946	0
4947	0
4948	1
4949	139
4950	386
4951	628
4952	847
4953	1027
4954	1157
4955	1226
4956	1232
4957	1173
4958	1053
4959	880
4960	667
4961	427
4962	179
4963	8
4964	0
4965	0
4966	0
4967	0
4968	0
4969	0
4970	0
4971	0
4972	1
4973	136
4974	383
4975	626
4976	845
4977	1025
4978	1155
4979	1225
4980	1230
4981	1171
4982	1051
4983	878
4984	664
4985	424
4986	176
4987	7
4988	0
4989	0
4990	0
4991	0
4992	0
4993	0
4994	0
4995	0
4996	1
4997	133
4998	380
4999	623
5000	842
5001	1023
5002	1153
5003	1223
5004	1229
5005	1169
5006	1049
5007	876
5008	661
5009	421
5010	172
5011	6
5012	0
5013	0
5014	0
5015	0
5016	0
5017	0
5018	0
5019	0
5020	0
5021	130
5022	378
5023	621
5024	840
5025	1021
5026	1151
5027	1222
5028	1227
5029	1167
5030	1047
5031	873
5032	659
5033	418
5034	169
5035	5
5036	0
5037	0
5038	0
5039	0
5040	0
5041	0
5042	0
5043	0
5044	0
5045	127
5046	375
5047	618
5048	838
5049	1019
5050	1150
5051	1220
5052	1225
5053	1165
5054	1044
5055	871
5056	656
5057	415
5058	165
5059	4
5060	0
5061	0
5062	0
5063	0
5064	0
5065	0
5066	0
5067	0
5068	0
5069	123
5070	372
5071	615
5072	836
5073	1017
5074	1148
5075	1218
5076	1223
5077	1163
5078	1042
5079	868
5080	653
5081	411
5082	162
5083	4
5084	0
5085	0
5086	0
5087	0
5088	0
5089	0
5090	0
5091	0
5092	0
5093	120
5094	369
5095	613
5096	833
5097	1015
5098	1146
5099	1216
5100	1221
5101	1161
5102	1040
5103	865
5104	650
5105	408
5106	158
5107	3
5108	0
5109	0
5110	0
5111	0
5112	0
5113	0
5114	0
5115	0
5116	0
5117	117
5118	365
5119	610
5120	831
5121	1013
5122	1144
5123	1214
5124	1220
5125	1159
5126	1038
5127	863
5128	647
5129	404
5130	154
5131	2
5132	0
5133	0
5134	0
5135	0
5136	0
5137	0
5138	0
5139	0
5140	0
5141	113
5142	362
5143	607
5144	829
5145	1011
5146	1142
5147	1212
5148	1218
5149	1157
5150	1035
5151	860
5152	643
5153	401
5154	150
5155	2
5156	0
5157	0
5158	0
5159	0
5160	0
5161	0
5162	0
5163	0
5164	0
5165	110
5166	359
5167	605
5168	826
5169	1009
5170	1140
5171	1210
5172	1215
5173	1155
5174	1032
5175	857
5176	640
5177	397
5178	146
5179	1
5180	0
5181	0
5182	0
5183	0
5184	0
5185	0
5186	0
5187	0
5188	0
5189	107
5190	356
5191	602
5192	824
5193	1007
5194	1138
5195	1208
5196	1213
5197	1152
5198	1030
5199	854
5200	636
5201	393
5202	141
5203	1
5204	0
5205	0
5206	0
5207	0
5208	0
5209	0
5210	0
5211	0
5212	0
5213	103
5214	353
5215	599
5216	821
5217	1004
5218	1136
5219	1206
5220	1211
5221	1150
5222	1027
5223	851
5224	633
5225	389
5226	137
5227	1
5228	0
5229	0
5230	0
5231	0
5232	0
5233	0
5234	0
5235	0
5236	0
5237	100
5238	350
5239	596
5240	819
5241	1002
5242	1134
5243	1204
5244	1209
5245	1147
5246	1024
5247	847
5248	629
5249	385
5250	132
5251	0
5252	0
5253	0
5254	0
5255	0
5256	0
5257	0
5258	0
5259	0
5260	0
5261	97
5262	347
5263	593
5264	816
5265	1000
5266	1131
5267	1202
5268	1206
5269	1145
5270	1021
5271	844
5272	625
5273	380
5274	128
5275	0
5276	0
5277	0
5278	0
5279	0
5280	0
5281	0
5282	0
5283	0
5284	0
5285	94
5286	343
5287	591
5288	814
5289	998
5290	1129
5291	1200
5292	1204
5293	1142
5294	1018
5295	841
5296	621
5297	376
5298	123
5299	0
5300	0
5301	0
5302	0
5303	0
5304	0
5305	0
5306	0
5307	0
5308	0
5309	91
5310	340
5311	588
5312	811
5313	995
5314	1127
5315	1197
5316	1202
5317	1139
5318	1015
5319	837
5320	617
5321	371
5322	118
5323	0
5324	0
5325	0
5326	0
5327	0
5328	0
5329	0
5330	0
5331	0
5332	0
5333	88
5334	337
5335	585
5336	809
5337	993
5338	1125
5339	1195
5340	1199
5341	1137
5342	1012
5343	833
5344	613
5345	367
5346	114
5347	0
5348	0
5349	0
5350	0
5351	0
5352	0
5353	0
5354	0
5355	0
5356	0
5357	85
5358	334
5359	582
5360	806
5361	990
5362	1122
5363	1192
5364	1196
5365	1134
5366	1009
5367	830
5368	609
5369	362
5370	109
5371	0
5372	0
5373	0
5374	0
5375	0
5376	0
5377	0
5378	0
5379	0
5380	0
5381	82
5382	330
5383	579
5384	803
5385	988
5386	1120
5387	1190
5388	1194
5389	1131
5390	1005
5391	826
5392	605
5393	357
5394	104
5395	0
5396	0
5397	0
5398	0
5399	0
5400	0
5401	0
5402	0
5403	0
5404	0
5405	79
5406	327
5407	576
5408	801
5409	985
5410	1117
5411	1187
5412	1191
5413	1128
5414	1002
5415	822
5416	600
5417	352
5418	99
5419	0
5420	0
5421	0
5422	0
5423	0
5424	0
5425	0
5426	0
5427	0
5428	0
5429	76
5430	323
5431	573
5432	798
5433	983
5434	1115
5435	1185
5436	1188
5437	1124
5438	998
5439	818
5440	596
5441	347
5442	95
5443	0
5444	0
5445	0
5446	0
5447	0
5448	0
5449	0
5450	0
5451	0
5452	0
5453	73
5454	320
5455	570
5456	795
5457	980
5458	1112
5459	1182
5460	1185
5461	1121
5462	994
5463	814
5464	591
5465	342
5466	90
5467	0
5468	0
5469	0
5470	0
5471	0
5472	0
5473	0
5474	0
5475	0
5476	0
5477	70
5478	317
5479	567
5480	792
5481	978
5482	1110
5483	1179
5484	1182
5485	1118
5486	991
5487	809
5488	586
5489	337
5490	86
5491	0
5492	0
5493	0
5494	0
5495	0
5496	0
5497	0
5498	0
5499	0
5500	0
5501	67
5502	313
5503	564
5504	790
5505	975
5506	1107
5507	1177
5508	1179
5509	1114
5510	987
5511	805
5512	581
5513	332
5514	81
5515	0
5516	0
5517	0
5518	0
5519	0
5520	0
5521	0
5522	0
5523	0
5524	0
5525	65
5526	310
5527	561
5528	787
5529	972
5530	1104
5531	1174
5532	1176
5533	1111
5534	983
5535	801
5536	577
5537	326
5538	76
5539	0
5540	0
5541	0
5542	0
5543	0
5544	0
5545	0
5546	0
5547	0
5548	0
5549	62
5550	306
5551	558
5552	784
5553	969
5554	1101
5555	1171
5556	1173
5557	1107
5558	979
5559	796
5560	571
5561	321
5562	72
5563	0
5564	0
5565	0
5566	0
5567	0
5568	0
5569	0
5570	0
5571	0
5572	0
5573	59
5574	303
5575	554
5576	781
5577	967
5578	1099
5579	1168
5580	1170
5581	1104
5582	975
5583	791
5584	566
5585	315
5586	68
5587	0
5588	0
5589	0
5590	0
5591	0
5592	0
5593	0
5594	0
5595	0
5596	0
5597	57
5598	299
5599	551
5600	778
5601	964
5602	1096
5603	1165
5604	1166
5605	1100
5606	971
5607	787
5608	561
5609	309
5610	63
5611	0
5612	0
5613	0
5614	0
5615	0
5616	0
5617	0
5618	0
5619	0
5620	0
5621	54
5622	296
5623	548
5624	775
5625	961
5626	1093
5627	1162
5628	1163
5629	1096
5630	966
5631	782
5632	556
5633	304
5634	59
5635	0
5636	0
5637	0
5638	0
5639	0
5640	0
5641	0
5642	0
5643	0
5644	0
5645	52
5646	292
5647	545
5648	772
5649	958
5650	1090
5651	1159
5652	1159
5653	1092
5654	962
5655	777
5656	550
5657	298
5658	55
5659	0
5660	0
5661	0
5662	0
5663	0
5664	0
5665	0
5666	0
5667	0
5668	0
5669	50
5670	289
5671	542
5672	769
5673	955
5674	1087
5675	1155
5676	1156
5677	1088
5678	957
5679	772
5680	545
5681	292
5682	51
5683	0
5684	0
5685	0
5686	0
5687	0
5688	0
5689	0
5690	0
5691	0
5692	0
5693	47
5694	285
5695	538
5696	766
5697	952
5698	1084
5699	1152
5700	1152
5701	1084
5702	953
5703	767
5704	539
5705	286
5706	47
5707	0
5708	0
5709	0
5710	0
5711	0
5712	0
5713	0
5714	0
5715	0
5716	0
5717	45
5718	282
5719	535
5720	763
5721	949
5722	1080
5723	1149
5724	1148
5725	1080
5726	948
5727	762
5728	534
5729	280
5730	44
5731	0
5732	0
5733	0
5734	0
5735	0
5736	0
5737	0
5738	0
5739	0
5740	0
5741	43
5742	278
5743	532
5744	760
5745	946
5746	1077
5747	1145
5748	1145
5749	1076
5750	944
5751	757
5752	528
5753	274
5754	40
5755	0
5756	0
5757	0
5758	0
5759	0
5760	0
5761	0
5762	0
5763	0
5764	0
5765	41
5766	274
5767	528
5768	756
5769	943
5770	1074
5771	1142
5772	1141
5773	1072
5774	939
5775	751
5776	522
5777	267
5778	37
5779	0
5780	0
5781	0
5782	0
5783	0
5784	0
5785	0
5786	0
5787	0
5788	0
5789	38
5790	271
5791	525
5792	753
5793	939
5794	1071
5795	1138
5796	1137
5797	1067
5798	934
5799	746
5800	516
5801	261
5802	33
5803	0
5804	0
5805	0
5806	0
5807	0
5808	0
5809	0
5810	0
5811	0
5812	0
5813	36
5814	267
5815	521
5816	750
5817	936
5818	1067
5819	1134
5820	1133
5821	1063
5822	929
5823	740
5824	510
5825	255
5826	30
5827	0
5828	0
5829	0
5830	0
5831	0
5832	0
5833	0
5834	0
5835	0
5836	0
5837	34
5838	263
5839	518
5840	747
5841	933
5842	1064
5843	1131
5844	1129
5845	1058
5846	924
5847	735
5848	504
5849	248
5850	27
5851	0
5852	0
5853	0
5854	0
5855	0
5856	0
5857	0
5858	0
5859	0
5860	0
5861	32
5862	260
5863	514
5864	743
5865	929
5866	1060
5867	1127
5868	1125
5869	1054
5870	919
5871	729
5872	498
5873	241
5874	24
5875	0
5876	0
5877	0
5878	0
5879	0
5880	0
5881	0
5882	0
5883	0
5884	0
5885	30
5886	256
5887	511
5888	740
5889	926
5890	1057
5891	1123
5892	1120
5893	1049
5894	913
5895	723
5896	492
5897	235
5898	21
5899	0
5900	0
5901	0
5902	0
5903	0
5904	0
5905	0
5906	0
5907	0
5908	0
5909	29
5910	252
5911	507
5912	736
5913	922
5914	1053
5915	1119
5916	1116
5917	1044
5918	908
5919	718
5920	485
5921	228
5922	19
5923	0
5924	0
5925	0
5926	0
5927	0
5928	0
5929	0
5930	0
5931	0
5932	0
5933	27
5934	248
5935	504
5936	733
5937	919
5938	1049
5939	1115
5940	1112
5941	1039
5942	903
5943	712
5944	479
5945	221
5946	16
5947	0
5948	0
5949	0
5950	0
5951	0
5952	0
5953	0
5954	0
5955	0
5956	0
5957	25
5958	244
5959	500
5960	729
5961	915
5962	1046
5963	1111
5964	1107
5965	1034
5966	897
5967	706
5968	473
5969	215
5970	14
5971	0
5972	0
5973	0
5974	0
5975	0
5976	0
5977	0
5978	0
5979	0
5980	0
5981	23
5982	241
5983	497
5984	726
5985	912
5986	1042
5987	1107
5988	1103
5989	1029
5990	892
5991	700
5992	466
5993	208
5994	12
5995	0
5996	0
5997	0
5998	0
5999	0
6000	0
6001	0
6002	0
6003	0
6004	0
6005	22
6006	237
6007	493
6008	722
6009	908
6010	1038
6011	1103
6012	1098
6013	1024
6014	886
6015	694
6016	459
6017	201
6018	10
6019	0
6020	0
6021	0
6022	0
6023	0
6024	0
6025	0
6026	0
6027	0
6028	0
6029	20
6030	233
6031	489
6032	718
6033	904
6034	1034
6035	1098
6036	1093
6037	1019
6038	881
6039	687
6040	453
6041	194
6042	8
6043	0
6044	0
6045	0
6046	0
6047	0
6048	0
6049	0
6050	0
6051	0
6052	0
6053	19
6054	229
6055	485
6056	715
6057	900
6058	1030
6059	1094
6060	1089
6061	1014
6062	875
6063	681
6064	446
6065	187
6066	6
6067	0
6068	0
6069	0
6070	0
6071	0
6072	0
6073	0
6074	0
6075	0
6076	0
6077	17
6078	225
6079	482
6080	711
6081	897
6082	1026
6083	1090
6084	1084
6085	1008
6086	869
6087	675
6088	439
6089	180
6090	5
6091	0
6092	0
6093	0
6094	0
6095	0
6096	0
6097	0
6098	0
6099	0
6100	0
6101	16
6102	221
6103	478
6104	707
6105	893
6106	1022
6107	1085
6108	1079
6109	1003
6110	863
6111	669
6112	433
6113	173
6114	4
6115	0
6116	0
6117	0
6118	0
6119	0
6120	0
6121	0
6122	0
6123	0
6124	0
6125	14
6126	217
6127	474
6128	703
6129	889
6130	1017
6131	1081
6132	1074
6133	998
6134	857
6135	662
6136	426
6137	166
6138	3
6139	0
6140	0
6141	0
6142	0
6143	0
6144	0
6145	0
6146	0
6147	0
6148	0
6149	13
6150	213
6151	470
6152	699
6153	885
6154	1013
6155	1076
6156	1069
6157	992
6158	851
6159	656
6160	419
6161	159
6162	2
6163	0
6164	0
6165	0
6166	0
6167	0
6168	0
6169	0
6170	0
6171	0
6172	0
6173	12
6174	209
6175	466
6176	696
6177	881
6178	1009
6179	1071
6180	1064
6181	987
6182	845
6183	649
6184	412
6185	152
6186	1
6187	0
6188	0
6189	0
6190	0
6191	0
6192	0
6193	0
6194	0
6195	0
6196	0
6197	11
6198	205
6199	462
6200	692
6201	877
6202	1004
6203	1067
6204	1059
6205	981
6206	839
6207	643
6208	405
6209	145
6210	1
6211	0
6212	0
6213	0
6214	0
6215	0
6216	0
6217	0
6218	0
6219	0
6220	0
6221	10
6222	201
6223	458
6224	688
6225	872
6226	1000
6227	1062
6228	1053
6229	975
6230	833
6231	636
6232	398
6233	138
6234	0
6235	0
6236	0
6237	0
6238	0
6239	0
6240	0
6241	0
6242	0
6243	0
6244	0
6245	9
6246	197
6247	454
6248	683
6249	868
6250	996
6251	1057
6252	1048
6253	969
6254	827
6255	629
6256	391
6257	131
6258	0
6259	0
6260	0
6261	0
6262	0
6263	0
6264	0
6265	0
6266	0
6267	0
6268	0
6269	8
6270	193
6271	450
6272	679
6273	864
6274	991
6275	1052
6276	1043
6277	964
6278	820
6279	623
6280	384
6281	124
6282	0
6283	0
6284	0
6285	0
6286	0
6287	0
6288	0
6289	0
6290	0
6291	0
6292	0
6293	7
6294	189
6295	446
6296	675
6297	860
6298	986
6299	1047
6300	1037
6301	958
6302	814
6303	616
6304	377
6305	117
6306	0
6307	0
6308	0
6309	0
6310	0
6311	0
6312	0
6313	0
6314	0
6315	0
6316	0
6317	6
6318	185
6319	442
6320	671
6321	855
6322	982
6323	1042
6324	1032
6325	952
6326	808
6327	609
6328	370
6329	110
6330	0
6331	0
6332	0
6333	0
6334	0
6335	0
6336	0
6337	0
6338	0
6339	0
6340	0
6341	5
6342	181
6343	438
6344	667
6345	851
6346	977
6347	1037
6348	1026
6349	946
6350	801
6351	602
6352	363
6353	104
6354	0
6355	0
6356	0
6357	0
6358	0
6359	0
6360	0
6361	0
6362	0
6363	0
6364	0
6365	4
6366	177
6367	434
6368	662
6369	846
6370	972
6371	1032
6372	1021
6373	940
6374	795
6375	595
6376	355
6377	97
6378	0
6379	0
6380	0
6381	0
6382	0
6383	0
6384	0
6385	0
6386	0
6387	0
6388	0
6389	4
6390	173
6391	429
6392	658
6393	842
6394	967
6395	1026
6396	1015
6397	934
6398	788
6399	588
6400	348
6401	91
6402	0
6403	0
6404	0
6405	0
6406	0
6407	0
6408	0
6409	0
6410	0
6411	0
6412	0
6413	3
6414	168
6415	425
6416	654
6417	837
6418	962
6419	1021
6420	1009
6421	928
6422	782
6423	581
6424	341
6425	85
6426	0
6427	0
6428	0
6429	0
6430	0
6431	0
6432	0
6433	0
6434	0
6435	0
6436	0
6437	2
6438	164
6439	421
6440	649
6441	832
6442	957
6443	1016
6444	1003
6445	921
6446	775
6447	575
6448	334
6449	80
6450	0
6451	0
6452	0
6453	0
6454	0
6455	0
6456	0
6457	0
6458	0
6459	0
6460	0
6461	2
6462	160
6463	417
6464	645
6465	828
6466	952
6467	1010
6468	998
6469	915
6470	768
6471	568
6472	327
6473	74
6474	0
6475	0
6476	0
6477	0
6478	0
6479	0
6480	0
6481	0
6482	0
6483	0
6484	0
6485	1
6486	156
6487	412
6488	640
6489	823
6490	947
6491	1005
6492	992
6493	909
6494	762
6495	561
6496	319
6497	69
6498	0
6499	0
6500	0
6501	0
6502	0
6503	0
6504	0
6505	0
6506	0
6507	0
6508	0
6509	1
6510	152
6511	408
6512	636
6513	818
6514	942
6515	999
6516	986
6517	903
6518	755
6519	554
6520	312
6521	64
6522	0
6523	0
6524	0
6525	0
6526	0
6527	0
6528	0
6529	0
6530	0
6531	0
6532	0
6533	1
6534	147
6535	403
6536	631
6537	813
6538	937
6539	994
6540	980
6541	896
6542	748
6543	547
6544	305
6545	59
6546	0
6547	0
6548	0
6549	0
6550	0
6551	0
6552	0
6553	0
6554	0
6555	0
6556	0
6557	0
6558	143
6559	399
6560	627
6561	808
6562	932
6563	988
6564	974
6565	890
6566	742
6567	540
6568	298
6569	54
6570	0
6571	0
6572	0
6573	0
6574	0
6575	0
6576	0
6577	0
6578	0
6579	0
6580	0
6581	0
6582	139
6583	394
6584	622
6585	803
6586	927
6587	983
6588	968
6589	884
6590	735
6591	533
6592	291
6593	50
6594	0
6595	0
6596	0
6597	0
6598	0
6599	0
6600	0
6601	0
6602	0
6603	0
6604	0
6605	0
6606	134
6607	390
6608	617
6609	798
6610	921
6611	977
6612	962
6613	877
6614	728
6615	526
6616	284
6617	46
6618	0
6619	0
6620	0
6621	0
6622	0
6623	0
6624	0
6625	0
6626	0
6627	0
6628	0
6629	0
6630	130
6631	385
6632	612
6633	793
6634	916
6635	971
6636	956
6637	871
6638	722
6639	519
6640	276
6641	41
6642	0
6643	0
6644	0
6645	0
6646	0
6647	0
6648	0
6649	0
6650	0
6651	0
6652	0
6653	0
6654	126
6655	381
6656	607
6657	788
6658	910
6659	966
6660	950
6661	864
6662	715
6663	512
6664	269
6665	38
6666	0
6667	0
6668	0
6669	0
6670	0
6671	0
6672	0
6673	0
6674	0
6675	0
6676	0
6677	0
6678	121
6679	376
6680	603
6681	783
6682	905
6683	960
6684	944
6685	858
6686	708
6687	505
6688	262
6689	34
6690	0
6691	0
6692	0
6693	0
6694	0
6695	0
6696	0
6697	0
6698	0
6699	0
6700	0
6701	0
6702	117
6703	371
6704	598
6705	778
6706	899
6707	954
6708	937
6709	851
6710	701
6711	498
6712	255
6713	31
6714	0
6715	0
6716	0
6717	0
6718	0
6719	0
6720	0
6721	0
6722	0
6723	0
6724	0
6725	0
6726	113
6727	366
6728	593
6729	773
6730	894
6731	948
6732	931
6733	845
6734	694
6735	491
6736	248
6737	27
6738	0
6739	0
6740	0
6741	0
6742	0
6743	0
6744	0
6745	0
6746	0
6747	0
6748	0
6749	0
6750	109
6751	362
6752	588
6753	768
6754	888
6755	942
6756	925
6757	838
6758	688
6759	484
6760	241
6761	24
6762	0
6763	0
6764	0
6765	0
6766	0
6767	0
6768	0
6769	0
6770	0
6771	0
6772	0
6773	0
6774	105
6775	357
6776	583
6777	762
6778	883
6779	936
6780	919
6781	832
6782	681
6783	477
6784	234
6785	22
6786	0
6787	0
6788	0
6789	0
6790	0
6791	0
6792	0
6793	0
6794	0
6795	0
6796	0
6797	0
6798	101
6799	352
6800	578
6801	757
6802	877
6803	930
6804	913
6805	825
6806	674
6807	470
6808	227
6809	19
6810	0
6811	0
6812	0
6813	0
6814	0
6815	0
6816	0
6817	0
6818	0
6819	0
6820	0
6821	0
6822	97
6823	347
6824	573
6825	752
6826	872
6827	924
6828	906
6829	819
6830	667
6831	463
6832	220
6833	17
6834	0
6835	0
6836	0
6837	0
6838	0
6839	0
6840	0
6841	0
6842	0
6843	0
6844	0
6845	0
6846	93
6847	342
6848	568
6849	746
6850	866
6851	918
6852	900
6853	812
6854	661
6855	456
6856	214
6857	14
6858	0
6859	0
6860	0
6861	0
6862	0
6863	0
6864	0
6865	0
6866	0
6867	0
6868	0
6869	0
6870	89
6871	338
6872	562
6873	741
6874	860
6875	912
6876	894
6877	806
6878	654
6879	450
6880	207
6881	12
6882	0
6883	0
6884	0
6885	0
6886	0
6887	0
6888	0
6889	0
6890	0
6891	0
6892	0
6893	0
6894	85
6895	333
6896	557
6897	735
6898	854
6899	906
6900	887
6901	799
6902	647
6903	443
6904	200
6905	10
6906	0
6907	0
6908	0
6909	0
6910	0
6911	0
6912	0
6913	0
6914	0
6915	0
6916	0
6917	0
6918	81
6919	328
6920	552
6921	730
6922	849
6923	900
6924	881
6925	793
6926	641
6927	436
6928	194
6929	9
6930	0
6931	0
6932	0
6933	0
6934	0
6935	0
6936	0
6937	0
6938	0
6939	0
6940	0
6941	0
6942	78
6943	323
6944	547
6945	724
6946	843
6947	894
6948	875
6949	786
6950	634
6951	429
6952	187
6953	7
6954	0
6955	0
6956	0
6957	0
6958	0
6959	0
6960	0
6961	0
6962	0
6963	0
6964	0
6965	0
6966	74
6967	318
6968	541
6969	719
6970	837
6971	888
6972	869
6973	780
6974	628
6975	423
6976	181
6977	6
6978	0
6979	0
6980	0
6981	0
6982	0
6983	0
6984	0
6985	0
6986	0
6987	0
6988	0
6989	0
6990	70
6991	313
6992	536
6993	713
6994	831
6995	882
6996	862
6997	773
6998	621
6999	416
7000	174
7001	5
7002	0
7003	0
7004	0
7005	0
7006	0
7007	0
7008	0
7009	0
7010	0
7011	0
7012	0
7013	0
7014	67
7015	308
7016	531
7017	708
7018	825
7019	876
7020	856
7021	767
7022	615
7023	410
7024	168
7025	4
7026	0
7027	0
7028	0
7029	0
7030	0
7031	0
7032	0
7033	0
7034	0
7035	0
7036	0
7037	0
7038	64
7039	302
7040	525
7041	702
7042	820
7043	870
7044	850
7045	761
7046	608
7047	403
7048	162
7049	3
7050	0
7051	0
7052	0
7053	0
7054	0
7055	0
7056	0
7057	0
7058	0
7059	0
7060	0
7061	0
7062	60
7063	297
7064	520
7065	696
7066	814
7067	864
7068	844
7069	754
7070	602
7071	397
7072	156
7073	2
7074	0
7075	0
7076	0
7077	0
7078	0
7079	0
7080	0
7081	0
7082	0
7083	0
7084	0
7085	0
7086	57
7087	292
7088	515
7089	691
7090	808
7091	858
7092	837
7093	748
7094	596
7095	391
7096	150
7097	1
7098	0
7099	0
7100	0
7101	0
7102	0
7103	0
7104	0
7105	0
7106	0
7107	0
7108	0
7109	0
7110	54
7111	287
7112	509
7113	685
7114	802
7115	852
7116	831
7117	742
7118	589
7119	385
7120	144
7121	1
7122	0
7123	0
7124	0
7125	0
7126	0
7127	0
7128	0
7129	0
7130	0
7131	0
7132	0
7133	0
7134	51
7135	282
7136	504
7137	679
7138	796
7139	846
7140	825
7141	735
7142	583
7143	378
7144	138
7145	0
7146	0
7147	0
7148	0
7149	0
7150	0
7151	0
7152	0
7153	0
7154	0
7155	0
7156	0
7157	0
7158	48
7159	277
7160	499
7161	674
7162	790
7163	840
7164	819
7165	729
7166	577
7167	372
7168	132
7169	0
7170	0
7171	0
7172	0
7173	0
7174	0
7175	0
7176	0
7177	0
7178	0
7179	0
7180	0
7181	0
7182	45
7183	272
7184	493
7185	668
7186	784
7187	834
7188	813
7189	723
7190	571
7191	366
7192	126
7193	0
7194	0
7195	0
7196	0
7197	0
7198	0
7199	0
7200	0
7201	0
7202	0
7203	0
7204	0
7205	0
7206	42
7207	267
7208	488
7209	663
7210	779
7211	828
7212	807
7213	717
7214	565
7215	361
7216	121
7217	0
7218	0
7219	0
7220	0
7221	0
7222	0
7223	0
7224	0
7225	0
7226	0
7227	0
7228	0
7229	0
7230	39
7231	261
7232	482
7233	657
7234	773
7235	822
7236	801
7237	711
7238	559
7239	355
7240	116
7241	0
7242	0
7243	0
7244	0
7245	0
7246	0
7247	0
7248	0
7249	0
7250	0
7251	0
7252	0
7253	0
7254	37
7255	256
7256	477
7257	651
7258	767
7259	816
7260	795
7261	705
7262	553
7263	349
7264	110
7265	0
7266	0
7267	0
7268	0
7269	0
7270	0
7271	0
7272	0
7273	0
7274	0
7275	0
7276	0
7277	0
7278	34
7279	251
7280	471
7281	646
7282	761
7283	810
7284	789
7285	699
7286	547
7287	343
7288	106
7289	0
7290	0
7291	0
7292	0
7293	0
7294	0
7295	0
7296	0
7297	0
7298	0
7299	0
7300	0
7301	0
7302	32
7303	246
7304	466
7305	640
7306	755
7307	804
7308	783
7309	694
7310	542
7311	338
7312	101
7313	0
7314	0
7315	0
7316	0
7317	0
7318	0
7319	0
7320	0
7321	0
7322	0
7323	0
7324	0
7325	0
7326	29
7327	241
7328	460
7329	634
7330	750
7331	798
7332	777
7333	688
7334	536
7335	333
7336	96
7337	0
7338	0
7339	0
7340	0
7341	0
7342	0
7343	0
7344	0
7345	0
7346	0
7347	0
7348	0
7349	0
7350	27
7351	235
7352	455
7353	629
7354	744
7355	793
7356	772
7357	682
7358	530
7359	327
7360	92
7361	0
7362	0
7363	0
7364	0
7365	0
7366	0
7367	0
7368	0
7369	0
7370	0
7371	0
7372	0
7373	0
7374	25
7375	230
7376	450
7377	623
7378	738
7379	787
7380	766
7381	677
7382	525
7383	322
7384	88
7385	0
7386	0
7387	0
7388	0
7389	0
7390	0
7391	0
7392	0
7393	0
7394	0
7395	0
7396	0
7397	0
7398	23
7399	225
7400	444
7401	618
7402	733
7403	781
7404	760
7405	671
7406	520
7407	317
7408	84
7409	0
7410	0
7411	0
7412	0
7413	0
7414	0
7415	0
7416	0
7417	0
7418	0
7419	0
7420	0
7421	0
7422	21
7423	220
7424	439
7425	612
7426	727
7427	776
7428	755
7429	666
7430	515
7431	312
7432	80
7433	0
7434	0
7435	0
7436	0
7437	0
7438	0
7439	0
7440	0
7441	0
7442	0
7443	0
7444	0
7445	0
7446	19
7447	215
7448	433
7449	606
7450	721
7451	770
7452	749
7453	660
7454	509
7455	307
7456	77
7457	0
7458	0
7459	0
7460	0
7461	0
7462	0
7463	0
7464	0
7465	0
7466	0
7467	0
7468	0
7469	0
7470	17
7471	210
7472	428
7473	601
7474	716
7475	765
7476	744
7477	655
7478	504
7479	302
7480	73
7481	0
7482	0
7483	0
7484	0
7485	0
7486	0
7487	0
7488	0
7489	0
7490	0
7491	0
7492	0
7493	0
7494	15
7495	205
7496	423
7497	596
7498	710
7499	759
7500	739
7501	650
7502	500
7503	298
7504	70
7505	0
7506	0
7507	0
7508	0
7509	0
7510	0
7511	0
7512	0
7513	0
7514	0
7515	0
7516	0
7517	0
7518	14
7519	199
7520	417
7521	590
7522	705
7523	754
7524	733
7525	645
7526	495
7527	293
7528	67
7529	0
7530	0
7531	0
7532	0
7533	0
7534	0
7535	0
7536	0
7537	0
7538	0
7539	0
7540	0
7541	0
7542	12
7543	194
7544	412
7545	585
7546	700
7547	748
7548	728
7549	640
7550	490
7551	289
7552	64
7553	0
7554	0
7555	0
7556	0
7557	0
7558	0
7559	0
7560	0
7561	0
7562	0
7563	0
7564	0
7565	0
7566	11
7567	189
7568	407
7569	579
7570	694
7571	743
7572	723
7573	635
7574	486
7575	285
7576	61
7577	0
7578	0
7579	0
7580	0
7581	0
7582	0
7583	0
7584	0
7585	0
7586	0
7587	0
7588	0
7589	0
7590	9
7591	184
7592	402
7593	574
7594	689
7595	738
7596	718
7597	630
7598	481
7599	281
7600	59
7601	0
7602	0
7603	0
7604	0
7605	0
7606	0
7607	0
7608	0
7609	0
7610	0
7611	0
7612	0
7613	0
7614	8
7615	179
7616	396
7617	569
7618	684
7619	733
7620	713
7621	626
7622	477
7623	277
7624	56
7625	0
7626	0
7627	0
7628	0
7629	0
7630	0
7631	0
7632	0
7633	0
7634	0
7635	0
7636	0
7637	0
7638	7
7639	174
7640	391
7641	564
7642	679
7643	728
7644	708
7645	621
7646	473
7647	273
7648	54
7649	0
7650	0
7651	0
7652	0
7653	0
7654	0
7655	0
7656	0
7657	0
7658	0
7659	0
7660	0
7661	0
7662	6
7663	169
7664	386
7665	559
7666	674
7667	723
7668	704
7669	617
7670	469
7671	269
7672	52
7673	0
7674	0
7675	0
7676	0
7677	0
7678	0
7679	0
7680	0
7681	0
7682	0
7683	0
7684	0
7685	0
7686	5
7687	165
7688	381
7689	554
7690	669
7691	718
7692	699
7693	613
7694	465
7695	266
7696	50
7697	0
7698	0
7699	0
7700	0
7701	0
7702	0
7703	0
7704	0
7705	0
7706	0
7707	0
7708	0
7709	0
7710	4
7711	160
7712	376
7713	548
7714	664
7715	714
7716	695
7717	608
7718	461
7719	262
7720	48
7721	0
7722	0
7723	0
7724	0
7725	0
7726	0
7727	0
7728	0
7729	0
7730	0
7731	0
7732	0
7733	0
7734	3
7735	155
7736	371
7737	544
7738	659
7739	709
7740	690
7741	604
7742	457
7743	259
7744	46
7745	0
7746	0
7747	0
7748	0
7749	0
7750	0
7751	0
7752	0
7753	0
7754	0
7755	0
7756	0
7757	0
7758	3
7759	150
7760	366
7761	539
7762	654
7763	704
7764	686
7765	601
7766	454
7767	256
7768	44
7769	0
7770	0
7771	0
7772	0
7773	0
7774	0
7775	0
7776	0
7777	0
7778	0
7779	0
7780	0
7781	0
7782	2
7783	146
7784	361
7785	534
7786	649
7787	700
7788	682
7789	597
7790	450
7791	253
7792	43
7793	0
7794	0
7795	0
7796	0
7797	0
7798	0
7799	0
7800	0
7801	0
7802	0
7803	0
7804	0
7805	0
7806	2
7807	141
7808	357
7809	529
7810	645
7811	696
7812	678
7813	593
7814	447
7815	250
7816	41
7817	0
7818	0
7819	0
7820	0
7821	0
7822	0
7823	0
7824	0
7825	0
7826	0
7827	0
7828	0
7829	0
7830	1
7831	136
7832	352
7833	524
7834	640
7835	691
7836	674
7837	590
7838	444
7839	248
7840	40
7841	0
7842	0
7843	0
7844	0
7845	0
7846	0
7847	0
7848	0
7849	0
7850	0
7851	0
7852	0
7853	0
7854	1
7855	132
7856	347
7857	520
7858	636
7859	687
7860	670
7861	586
7862	441
7863	245
7864	39
7865	0
7866	0
7867	0
7868	0
7869	0
7870	0
7871	0
7872	0
7873	0
7874	0
7875	0
7876	0
7877	0
7878	0
7879	128
7880	343
7881	515
7882	632
7883	683
7884	667
7885	583
7886	438
7887	243
7888	38
7889	0
7890	0
7891	0
7892	0
7893	0
7894	0
7895	0
7896	0
7897	0
7898	0
7899	0
7900	0
7901	0
7902	0
7903	123
7904	338
7905	511
7906	627
7907	679
7908	663
7909	580
7910	436
7911	240
7912	37
7913	0
7914	0
7915	0
7916	0
7917	0
7918	0
7919	0
7920	0
7921	0
7922	0
7923	0
7924	0
7925	0
7926	0
7927	119
7928	334
7929	507
7930	623
7931	676
7932	660
7933	577
7934	433
7935	238
7936	36
7937	0
7938	0
7939	0
7940	0
7941	0
7942	0
7943	0
7944	0
7945	0
7946	0
7947	0
7948	0
7949	0
7950	0
7951	115
7952	329
7953	502
7954	619
7955	672
7956	657
7957	574
7958	431
7959	236
7960	35
7961	0
7962	0
7963	0
7964	0
7965	0
7966	0
7967	0
7968	0
7969	0
7970	0
7971	0
7972	0
7973	0
7974	0
7975	111
7976	325
7977	498
7978	616
7979	668
7980	653
7981	572
7982	429
7983	235
7984	34
7985	0
7986	0
7987	0
7988	0
7989	0
7990	0
7991	0
7992	0
7993	0
7994	0
7995	0
7996	0
7997	0
7998	0
7999	107
8000	321
8001	494
8002	612
8003	665
8004	651
8005	569
8006	427
8007	233
8008	33
8009	0
8010	0
8011	0
8012	0
8013	0
8014	0
8015	0
8016	0
8017	0
8018	0
8019	0
8020	0
8021	0
8022	0
8023	103
8024	317
8025	490
8026	608
8027	662
8028	648
8029	567
8030	425
8031	232
8032	33
8033	0
8034	0
8035	0
8036	0
8037	0
8038	0
8039	0
8040	0
8041	0
8042	0
8043	0
8044	0
8045	0
8046	0
8047	99
8048	313
8049	487
8050	605
8051	659
8052	645
8053	565
8054	423
8055	230
8056	32
8057	0
8058	0
8059	0
8060	0
8061	0
8062	0
8063	0
8064	0
8065	0
8066	0
8067	0
8068	0
8069	0
8070	0
8071	95
8072	309
8073	483
8074	601
8075	656
8076	643
8077	563
8078	421
8079	229
8080	32
8081	0
8082	0
8083	0
8084	0
8085	0
8086	0
8087	0
8088	0
8089	0
8090	0
8091	0
8092	0
8093	0
8094	0
8095	92
8096	305
8097	479
8098	598
8099	653
8100	640
8101	561
8102	420
8103	228
8104	32
8105	0
8106	0
8107	0
8108	0
8109	0
8110	0
8111	0
8112	0
8113	0
8114	0
8115	0
8116	0
8117	0
8118	0
8119	89
8120	301
8121	476
8122	595
8123	650
8124	638
8125	559
8126	419
8127	228
8128	31
8129	0
8130	0
8131	0
8132	0
8133	0
8134	0
8135	0
8136	0
8137	0
8138	0
8139	0
8140	0
8141	0
8142	0
8143	85
8144	298
8145	472
8146	592
8147	648
8148	636
8149	557
8150	418
8151	227
8152	31
8153	0
8154	0
8155	0
8156	0
8157	0
8158	0
8159	0
8160	0
8161	0
8162	0
8163	0
8164	0
8165	0
8166	0
8167	82
8168	294
8169	469
8170	589
8171	645
8172	634
8173	556
8174	417
8175	226
8176	31
8177	0
8178	0
8179	0
8180	0
8181	0
8182	0
8183	0
8184	0
8185	0
8186	0
8187	0
8188	0
8189	0
8190	0
8191	80
8192	291
8193	466
8194	586
8195	643
8196	632
8197	555
8198	416
8199	226
8200	31
8201	0
8202	0
8203	0
8204	0
8205	0
8206	0
8207	0
8208	0
8209	0
8210	0
8211	0
8212	0
8213	0
8214	0
8215	77
8216	288
8217	463
8218	584
8219	641
8220	630
8221	554
8222	415
8223	226
8224	31
8225	0
8226	0
8227	0
8228	0
8229	0
8230	0
8231	0
8232	0
8233	0
8234	0
8235	0
8236	0
8237	0
8238	0
8239	74
8240	284
8241	460
8242	581
8243	639
8244	629
8245	553
8246	415
8247	226
8248	31
8249	0
8250	0
8251	0
8252	0
8253	0
8254	0
8255	0
8256	0
8257	0
8258	0
8259	0
8260	0
8261	0
8262	0
8263	72
8264	281
8265	457
8266	579
8267	637
8268	628
8269	552
8270	415
8271	226
8272	31
8273	0
8274	0
8275	0
8276	0
8277	0
8278	0
8279	0
8280	0
8281	0
8282	0
8283	0
8284	0
8285	0
8286	0
8287	69
8288	278
8289	455
8290	577
8291	635
8292	627
8293	551
8294	415
8295	226
8296	32
8297	0
8298	0
8299	0
8300	0
8301	0
8302	0
8303	0
8304	0
8305	0
8306	0
8307	0
8308	0
8309	0
8310	0
8311	67
8312	276
8313	452
8314	575
8315	634
8316	626
8317	551
8318	415
8319	227
8320	32
8321	0
8322	0
8323	0
8324	0
8325	0
8326	0
8327	0
8328	0
8329	0
8330	0
8331	0
8332	0
8333	0
8334	0
8335	65
8336	273
8337	450
8338	573
8339	632
8340	625
8341	550
8342	415
8343	227
8344	32
8345	0
8346	0
8347	0
8348	0
8349	0
8350	0
8351	0
8352	0
8353	0
8354	0
8355	0
8356	0
8357	0
8358	0
8359	63
8360	270
8361	448
8362	571
8363	631
8364	624
8365	550
8366	415
8367	228
8368	33
8369	0
8370	0
8371	0
8372	0
8373	0
8374	0
8375	0
8376	0
8377	0
8378	0
8379	0
8380	0
8381	0
8382	0
8383	61
8384	268
8385	446
8386	569
8387	630
8388	623
8389	550
8390	416
8391	229
8392	34
8393	0
8394	0
8395	0
8396	0
8397	0
8398	0
8399	0
8400	0
8401	0
8402	0
8403	0
8404	0
8405	0
8406	0
8407	59
8408	266
8409	444
8410	568
8411	629
8412	623
8413	551
8414	416
8415	230
8416	34
8417	0
8418	0
8419	0
8420	0
8421	0
8422	0
8423	0
8424	0
8425	0
8426	0
8427	0
8428	0
8429	0
8430	0
8431	57
8432	263
8433	442
8434	566
8435	628
8436	623
8437	551
8438	417
8439	231
8440	35
8441	0
8442	0
8443	0
8444	0
8445	0
8446	0
8447	0
8448	0
8449	0
8450	0
8451	0
8452	0
8453	0
8454	0
8455	56
8456	261
8457	440
8458	565
8459	628
8460	623
8461	551
8462	418
8463	233
8464	36
8465	0
8466	0
8467	0
8468	0
8469	0
8470	0
8471	0
8472	0
8473	0
8474	0
8475	0
8476	0
8477	0
8478	0
8479	54
8480	260
8481	439
8482	564
8483	627
8484	623
8485	552
8486	419
8487	234
8488	37
8489	0
8490	0
8491	0
8492	0
8493	0
8494	0
8495	0
8496	0
8497	0
8498	0
8499	0
8500	0
8501	0
8502	0
8503	53
8504	258
8505	437
8506	564
8507	627
8508	623
8509	553
8510	421
8511	236
8512	38
8513	0
8514	0
8515	0
8516	0
8517	0
8518	0
8519	0
8520	0
8521	0
8522	0
8523	0
8524	0
8525	0
8526	0
8527	52
8528	256
8529	436
8530	563
8531	627
8532	624
8533	554
8534	422
8535	238
8536	39
8537	0
8538	0
8539	0
8540	0
8541	0
8542	0
8543	0
8544	0
8545	0
8546	0
8547	0
8548	0
8549	0
8550	0
8551	51
8552	255
8553	435
8554	562
8555	627
8556	624
8557	555
8558	424
8559	240
8560	40
8561	0
8562	0
8563	0
8564	0
8565	0
8566	0
8567	0
8568	0
8569	0
8570	0
8571	0
8572	0
8573	0
8574	0
8575	50
8576	253
8577	434
8578	562
8579	627
8580	625
8581	556
8582	425
8583	242
8584	42
8585	0
8586	0
8587	0
8588	0
8589	0
8590	0
8591	0
8592	0
8593	0
8594	0
8595	0
8596	0
8597	0
8598	0
8599	49
8600	252
8601	434
8602	562
8603	627
8604	626
8605	558
8606	427
8607	244
8608	43
8609	0
8610	0
8611	0
8612	0
8613	0
8614	0
8615	0
8616	0
8617	0
8618	0
8619	0
8620	0
8621	0
8622	0
8623	48
8624	251
8625	433
8626	562
8627	628
8628	627
8629	559
8630	429
8631	246
8632	45
8633	0
8634	0
8635	0
8636	0
8637	0
8638	0
8639	0
8640	0
8641	0
8642	0
8643	0
8644	0
8645	0
8646	0
8647	47
8648	250
8649	433
8650	562
8651	629
8652	628
8653	561
8654	432
8655	249
8656	46
8657	0
8658	0
8659	0
8660	0
8661	0
8662	0
8663	0
8664	0
8665	0
8666	0
8667	0
8668	0
8669	0
8670	0
8671	46
8672	250
8673	432
8674	562
8675	629
8676	630
8677	563
8678	434
8679	252
8680	48
8681	0
8682	0
8683	0
8684	0
8685	0
8686	0
8687	0
8688	0
8689	0
8690	0
8691	0
8692	0
8693	0
8694	0
8695	46
8696	249
8697	432
8698	563
8699	630
8700	631
8701	565
8702	436
8703	254
8704	50
8705	0
8706	0
8707	0
8708	0
8709	0
8710	0
8711	0
8712	0
8713	0
8714	0
8715	0
8716	0
8717	0
8718	0
8719	45
8720	248
8721	432
8722	563
8723	632
8724	633
8725	567
8726	439
8727	257
8728	52
8729	0
8730	0
8731	0
8732	0
8733	0
8734	0
8735	0
8736	0
8737	0
8738	0
8739	0
8740	0
8741	0
8742	0
8743	45
8744	248
8745	432
8746	564
8747	633
8748	635
8749	570
8750	442
8751	260
8752	54
8753	0
8754	0
8755	0
8756	0
8757	0
8758	0
8759	0

